-- phpMyAdmin SQL Dump
-- version 5.1.0
-- https://www.phpmyadmin.net/
--
-- Host: 127.0.0.1
-- Waktu pembuatan: 02 Sep 2021 pada 14.50
-- Versi server: 10.4.19-MariaDB
-- Versi PHP: 7.4.19

SET SQL_MODE = "NO_AUTO_VALUE_ON_ZERO";
START TRANSACTION;
SET time_zone = "+00:00";


/*!40101 SET @OLD_CHARACTER_SET_CLIENT=@@CHARACTER_SET_CLIENT */;
/*!40101 SET @OLD_CHARACTER_SET_RESULTS=@@CHARACTER_SET_RESULTS */;
/*!40101 SET @OLD_COLLATION_CONNECTION=@@COLLATION_CONNECTION */;
/*!40101 SET NAMES utf8mb4 */;

--
-- Database: `ebapas`
--

-- --------------------------------------------------------

--
-- Struktur dari tabel `failed_jobs`
--

CREATE TABLE `failed_jobs` (
  `id` bigint(20) UNSIGNED NOT NULL,
  `uuid` varchar(255) COLLATE utf8mb4_unicode_ci NOT NULL,
  `connection` text COLLATE utf8mb4_unicode_ci NOT NULL,
  `queue` text COLLATE utf8mb4_unicode_ci NOT NULL,
  `payload` longtext COLLATE utf8mb4_unicode_ci NOT NULL,
  `exception` longtext COLLATE utf8mb4_unicode_ci NOT NULL,
  `failed_at` timestamp NOT NULL DEFAULT current_timestamp()
) ENGINE=InnoDB DEFAULT CHARSET=utf8mb4 COLLATE=utf8mb4_unicode_ci;

-- --------------------------------------------------------

--
-- Struktur dari tabel `jails`
--

CREATE TABLE `jails` (
  `id` int(10) UNSIGNED NOT NULL,
  `name` varchar(255) COLLATE utf8mb4_unicode_ci NOT NULL,
  `created_at` timestamp NULL DEFAULT NULL,
  `updated_at` timestamp NULL DEFAULT NULL
) ENGINE=InnoDB DEFAULT CHARSET=utf8mb4 COLLATE=utf8mb4_unicode_ci;

--
-- Dumping data untuk tabel `jails`
--

INSERT INTO `jails` (`id`, `name`, `created_at`, `updated_at`) VALUES
(1, 'Lapas Pemuda Madiun', '2021-09-02 04:53:42', '2021-09-02 04:53:42'),
(2, 'Rutan Ponorogo', '2021-09-02 04:53:42', '2021-09-02 04:53:42'),
(3, 'Lapas I Madiun', '2021-09-02 04:53:42', '2021-09-02 04:53:42'),
(4, 'Rutan Pacitan', '2021-09-02 04:53:43', '2021-09-02 04:53:43'),
(5, 'Rutan Magetan', '2021-09-02 04:53:43', '2021-09-02 04:53:43'),
(6, 'Bapas Klaten', '2021-09-02 04:53:43', '2021-09-02 04:53:43'),
(7, 'Bapas Malang', '2021-09-02 04:53:43', '2021-09-02 04:53:43'),
(8, 'Bapas Surabaya', '2021-09-02 04:53:43', '2021-09-02 04:53:43'),
(9, 'Lapas Sleman', '2021-09-02 04:53:43', '2021-09-02 04:53:43'),
(10, 'Polresta Madiun', '2021-09-02 04:53:43', '2021-09-02 04:53:43'),
(11, 'Polres Ponorogo', '2021-09-02 04:53:43', '2021-09-02 04:53:43'),
(12, 'Polsek Barat', '2021-09-02 04:53:43', '2021-09-02 04:53:43'),
(13, 'Bapas Kediri', '2021-09-02 04:53:43', '2021-09-02 04:53:43'),
(14, 'Lapas Ngawi', '2021-09-02 04:53:43', '2021-09-02 04:53:43'),
(15, 'Polsek Mejayan', '2021-09-02 04:53:43', '2021-09-02 04:53:43'),
(16, 'LPP Malang', '2021-09-02 04:53:43', '2021-09-02 04:53:43'),
(17, 'Polres Magetan', '2021-09-02 04:53:43', '2021-09-02 04:53:43'),
(18, 'Rutan Kelas IIB Nganjuk', '2021-09-02 04:53:43', '2021-09-02 04:53:43'),
(19, 'Rutan Kelas IIB Gresik', '2021-09-02 04:53:43', '2021-09-02 04:53:43'),
(20, 'Bapas Kelas II Klaten', '2021-09-02 04:53:43', '2021-09-02 04:53:43'),
(21, 'Bapas Kelas I Surabaya', '2021-09-02 04:53:43', '2021-09-02 04:53:43'),
(22, 'Rutan Kelas I Cirebon', '2021-09-02 04:53:43', '2021-09-02 04:53:43'),
(23, 'Bapas Jakarta Timur', '2021-09-02 04:53:44', '2021-09-02 04:53:44'),
(24, 'Lapas Sidoarjo', '2021-09-02 04:53:44', '2021-09-02 04:53:44'),
(25, 'Rutan Treanggalek', '2021-09-02 04:53:44', '2021-09-02 04:53:44'),
(26, 'Rutan Kelas IIB Pacitan', '2021-09-02 04:53:44', '2021-09-02 04:53:44'),
(27, 'Bapas Yogyakarta', '2021-09-02 04:53:44', '2021-09-02 04:53:44'),
(28, 'Polres Madiun', '2021-09-02 04:53:44', '2021-09-02 04:53:44'),
(29, 'LPKA Blitar', '2021-09-02 04:53:44', '2021-09-02 04:53:44'),
(30, 'Polsek Siman Ponorogo', '2021-09-02 04:53:44', '2021-09-02 04:53:44'),
(31, 'Rutan Nganjuk', '2021-09-02 04:53:44', '2021-09-02 04:53:44'),
(32, 'Bapas Samarinda', '2021-09-02 04:53:44', '2021-09-02 04:53:44'),
(33, 'Polsek Maospati', '2021-09-02 04:53:44', '2021-09-02 04:53:44'),
(34, 'Bapas Surakarta', '2021-09-02 04:53:44', '2021-09-02 04:53:44'),
(35, 'Lapas Bekasi', '2021-09-02 04:53:44', '2021-09-02 04:53:44'),
(36, 'Lapas Lumajang', '2021-09-02 04:53:44', '2021-09-02 04:53:44'),
(37, 'Polsek Panekan', '2021-09-02 04:53:44', '2021-09-02 04:53:44'),
(38, 'Polsek Sawahan', '2021-09-02 04:53:44', '2021-09-02 04:53:44'),
(39, 'Bapas Nusakambangan', '2021-09-02 04:53:45', '2021-09-02 04:53:45'),
(40, 'Polsek Bendo', '2021-09-02 04:53:45', '2021-09-02 04:53:45'),
(41, 'Polsek Takeran', '2021-09-02 04:53:45', '2021-09-02 04:53:45'),
(42, 'Polsek Kartoharjo', '2021-09-02 04:53:45', '2021-09-02 04:53:45'),
(43, 'Bapas Bojonegoro', '2021-09-02 04:53:45', '2021-09-02 04:53:45'),
(44, 'Lapas Kelas IIB Ngawi', '2021-09-02 04:53:45', '2021-09-02 04:53:45'),
(45, 'Polres Ngawi', '2021-09-02 04:53:45', '2021-09-02 04:53:45'),
(46, 'Polsek Sukorejo', '2021-09-02 04:53:45', '2021-09-02 04:53:45'),
(47, 'Yogyakarta', '2021-09-02 04:53:45', '2021-09-02 04:53:45'),
(48, 'Polsek Kedunggalar', '2021-09-02 04:53:45', '2021-09-02 04:53:45'),
(49, 'Polsek Ngariboyo', '2021-09-02 04:53:45', '2021-09-02 04:53:45'),
(50, 'Rutan Kelas I Cipinang', '2021-09-02 04:53:45', '2021-09-02 04:53:45'),
(51, 'Bapas Kelas II Wonosari', '2021-09-02 04:53:45', '2021-09-02 04:53:45'),
(52, 'Bapas Kelas I Malang', '2021-09-02 04:53:45', '2021-09-02 04:53:45'),
(53, 'Bapas Cirebon', '2021-09-02 04:53:46', '2021-09-02 04:53:46'),
(54, 'Bapas Wonosari', '2021-09-02 04:53:46', '2021-09-02 04:53:46'),
(55, 'Bapas Jember', '2021-09-02 04:53:46', '2021-09-02 04:53:46'),
(56, 'Rutan Kelas I Surabaya', '2021-09-02 04:53:46', '2021-09-02 04:53:46'),
(57, 'Rutan Blora', '2021-09-02 04:53:46', '2021-09-02 04:53:46'),
(58, 'Polsek Sambit', '2021-09-02 04:53:46', '2021-09-02 04:53:46'),
(59, 'Rutan Wates', '2021-09-02 04:53:46', '2021-09-02 04:53:46'),
(60, 'Lapas Tangerang', '2021-09-02 04:53:46', '2021-09-02 04:53:46'),
(61, 'Polsek Somoroto', '2021-09-02 04:53:46', '2021-09-02 04:53:46'),
(62, 'Polsek Balong', '2021-09-02 04:53:46', '2021-09-02 04:53:46'),
(63, 'Polsek Jenangan', '2021-09-02 04:53:46', '2021-09-02 04:53:46'),
(64, 'Rutan Gresik', '2021-09-02 04:53:46', '2021-09-02 04:53:46'),
(65, 'Lapas Blitar', '2021-09-02 04:53:46', '2021-09-02 04:53:46'),
(66, 'Rutan Trenggalek', '2021-09-02 04:53:46', '2021-09-02 04:53:46'),
(67, 'Lapas Sragen', '2021-09-02 04:53:46', '2021-09-02 04:53:46'),
(68, 'Bapas Bogor', '2021-09-02 04:53:46', '2021-09-02 04:53:46'),
(69, 'Lapas Semarang', '2021-09-02 04:53:47', '2021-09-02 04:53:47'),
(70, 'Lapas Madiun', '2021-09-02 04:53:47', '2021-09-02 04:53:47'),
(71, 'Rutan Kelas IIA Yogyakarta', '2021-09-02 04:53:47', '2021-09-02 04:53:47'),
(72, 'Polres Bojonegoro', '2021-09-02 04:53:47', '2021-09-02 04:53:47');

-- --------------------------------------------------------

--
-- Struktur dari tabel `migrations`
--

CREATE TABLE `migrations` (
  `id` int(10) UNSIGNED NOT NULL,
  `migration` varchar(255) COLLATE utf8mb4_unicode_ci NOT NULL,
  `batch` int(11) NOT NULL
) ENGINE=InnoDB DEFAULT CHARSET=utf8mb4 COLLATE=utf8mb4_unicode_ci;

--
-- Dumping data untuk tabel `migrations`
--

INSERT INTO `migrations` (`id`, `migration`, `batch`) VALUES
(1, '2014_10_12_000000_create_users_table', 1),
(2, '2014_10_12_100000_create_password_resets_table', 1),
(3, '2019_08_19_000000_create_failed_jobs_table', 1),
(4, '2019_12_14_000001_create_personal_access_tokens_table', 1),
(5, '2021_09_01_151650_create_jails_table', 1),
(6, '2021_09_01_151651_create_napis_table', 1);

-- --------------------------------------------------------

--
-- Struktur dari tabel `napis`
--

CREATE TABLE `napis` (
  `id` int(10) UNSIGNED NOT NULL,
  `name` varchar(255) COLLATE utf8mb4_unicode_ci NOT NULL,
  `idJail` int(10) UNSIGNED NOT NULL,
  `case` varchar(255) COLLATE utf8mb4_unicode_ci NOT NULL,
  `pk` varchar(255) COLLATE utf8mb4_unicode_ci NOT NULL,
  `type` varchar(255) COLLATE utf8mb4_unicode_ci NOT NULL,
  `disposition` date NOT NULL,
  `number_tpp` int(11) NOT NULL,
  `date_tpp` date NOT NULL,
  `status` varchar(255) COLLATE utf8mb4_unicode_ci NOT NULL DEFAULT 'Diproses',
  `description` varchar(255) COLLATE utf8mb4_unicode_ci DEFAULT NULL,
  `created_at` timestamp NULL DEFAULT NULL,
  `updated_at` timestamp NULL DEFAULT NULL
) ENGINE=InnoDB DEFAULT CHARSET=utf8mb4 COLLATE=utf8mb4_unicode_ci;

--
-- Dumping data untuk tabel `napis`
--

INSERT INTO `napis` (`id`, `name`, `idJail`, `case`, `pk`, `type`, `disposition`, `number_tpp`, `date_tpp`, `status`, `description`, `created_at`, `updated_at`) VALUES
(1, 'Hoirul Anam Bin H Soni', 1, 'Narkotika', 'Agung', 'PP 99 Asimilasi & PB', '2020-12-09', 1, '2021-01-11', '', 'JANUARI', '0000-00-00 00:00:00', '0000-00-00 00:00:00'),
(2, 'Agus Mohamad Solikin', 1, 'Narkotika', 'Sri Utami', 'PB', '2020-12-09', 2, '2021-01-11', '', '', '0000-00-00 00:00:00', '0000-00-00 00:00:00'),
(3, 'Subaidi Bin Moh Sukri', 1, 'Narkotika', 'Sri Endang', 'PB', '2020-12-09', 3, '2021-01-11', '', '', '0000-00-00 00:00:00', '0000-00-00 00:00:00'),
(4, 'Chamim Als Papa', 1, 'P.Anak/81', 'Nurul Akmalah', 'PB', '2020-12-09', 4, '2021-01-11', '', '', '0000-00-00 00:00:00', '0000-00-00 00:00:00'),
(5, 'Moch Dahlan Bin Rosit', 1, 'Narkotika', 'Sudiro', 'PP 99 Asimilasi & PB', '2020-12-09', 5, '2021-01-11', '', '', '0000-00-00 00:00:00', '0000-00-00 00:00:00'),
(6, 'Tomi Budiyanto', 1, 'Narkotika', 'Mirna', 'PP 99 Asimilasi & PB', '2020-12-09', 6, '2021-01-11', '', '', '0000-00-00 00:00:00', '0000-00-00 00:00:00'),
(7, 'Muchlas Bin Purwo', 1, 'Narkotika', 'Sukarman', 'PP 99 Asimilasi & PB', '2020-12-09', 7, '2021-01-11', '', '', '0000-00-00 00:00:00', '0000-00-00 00:00:00'),
(8, 'Akhmad Wahyu septian bin ', 1, 'Narkotika', 'Maji', '', '2020-12-09', 8, '2021-01-11', '', '', '0000-00-00 00:00:00', '0000-00-00 00:00:00'),
(9, 'Ainul Mustofa Bin Maun', 1, 'Narkotika', 'Budi', 'PP 99 Asimilasi & PB', '2020-12-09', 9, '2021-01-11', '', '', '0000-00-00 00:00:00', '0000-00-00 00:00:00'),
(10, 'Suki Bin Kadi', 1, 'Narkotika', 'Marinda', 'PP 99 Asimilasi & PB', '2020-12-09', 10, '2021-01-11', '', '', '0000-00-00 00:00:00', '0000-00-00 00:00:00'),
(11, 'Rahmat Santoso', 1, 'P.Anak/81', 'Tri Lestari', 'PB', '2020-12-09', 11, '2021-01-11', '', '', '0000-00-00 00:00:00', '0000-00-00 00:00:00'),
(12, 'Andres Prasetyo', 1, 'P.Anak/81', 'Ninik', 'PB', '2020-12-09', 12, '2021-01-11', '', '', '0000-00-00 00:00:00', '0000-00-00 00:00:00'),
(13, 'Dimas Bayu', 1, 'Narkotika', 'Yudha', 'PB', '2020-12-09', 13, '2021-01-11', '', '', '0000-00-00 00:00:00', '0000-00-00 00:00:00'),
(14, 'Budiono Bin Mustakim', 1, 'Narkotika', 'Syifa', 'PB', '2020-12-09', 14, '2021-01-11', '', '', '0000-00-00 00:00:00', '0000-00-00 00:00:00'),
(15, 'Atim Sugiono Bin Suparno', 1, 'Narkotika', 'Nodya', 'CMB', '2020-12-09', 15, '2021-01-11', '', '', '0000-00-00 00:00:00', '0000-00-00 00:00:00'),
(16, 'M Yunus Bin Mat Jumli', 1, 'Narkotika', 'Nurul Akmalah', 'PP 99 Asimilasi & PB', '2020-12-09', 16, '2021-01-11', '', '', '0000-00-00 00:00:00', '0000-00-00 00:00:00'),
(17, 'M Nizar Fakhurullah', 1, 'Narkotika', 'Syifa', 'PP 99 Asimilasi & PB', '2020-12-09', 17, '2021-01-11', '', '', '0000-00-00 00:00:00', '0000-00-00 00:00:00'),
(18, 'Mujib Bin Hasan Madin', 1, 'Narkotika', 'Yurika', 'PP 99 Asimilasi & PB', '2020-12-09', 18, '2021-01-11', '', '', '0000-00-00 00:00:00', '0000-00-00 00:00:00'),
(19, 'Dwi Luqman Aziz', 1, 'Narkotika', 'Agung', 'PP 99 Asimilasi & PB', '2020-12-09', 19, '2021-01-11', '', '', '0000-00-00 00:00:00', '0000-00-00 00:00:00'),
(20, 'Edy Purnomo', 1, 'Narkotika', 'Sri Utami', 'PP 99 Asimilasi & PB', '2020-12-09', 20, '2021-01-11', '', '', '0000-00-00 00:00:00', '0000-00-00 00:00:00'),
(21, 'Dimas Novan Bagus', 1, 'Lakalantas', 'Eny Mindayani', 'PB', '2020-12-09', 21, '2021-01-11', '', '', '0000-00-00 00:00:00', '0000-00-00 00:00:00'),
(22, 'Kamil Bin Cholid', 1, 'Narkotika', 'Nining', 'PB', '2020-12-09', 22, '2021-01-11', '', '', '0000-00-00 00:00:00', '0000-00-00 00:00:00'),
(23, 'M Nizar Bin Jalil', 1, 'Perampokan', 'Nining', 'PB', '2020-12-09', 23, '2021-01-11', '', '', '0000-00-00 00:00:00', '0000-00-00 00:00:00'),
(24, 'Ragil Trijunias Sandi', 1, 'Narkotika', 'Sri Endang', 'PB', '2020-12-09', 24, '2021-01-11', '', '', '0000-00-00 00:00:00', '0000-00-00 00:00:00'),
(25, 'Irfan Bin Markuat', 1, 'Narkotika', 'Sudiro', 'PP 99 Asimilasi & PB', '2020-12-09', 25, '2021-01-11', '', '', '0000-00-00 00:00:00', '0000-00-00 00:00:00'),
(26, 'Riski Hermansyah', 1, 'Narkotika', 'Sukarman', 'PP 99 Asimilasi & PB', '2020-12-09', 26, '2021-01-11', '', '', '0000-00-00 00:00:00', '0000-00-00 00:00:00'),
(27, 'Ari Prayuda', 1, 'Narkotika', 'Maji', 'PP 99 Asimilasi & PB', '2020-12-09', 27, '2021-01-11', '', '', '0000-00-00 00:00:00', '0000-00-00 00:00:00'),
(28, 'Sugiono Bin Ponimin', 1, 'Narkotika', 'Budi', 'PP 99 Asimilasi & PB', '2020-12-09', 28, '2021-01-11', '', '', '0000-00-00 00:00:00', '0000-00-00 00:00:00'),
(29, 'Achmad Hilman Maulana', 1, 'Narkotika', 'Tri Lestari', 'PP 99 Asimilasi & PB', '2020-12-09', 29, '2021-01-11', '', '', '0000-00-00 00:00:00', '0000-00-00 00:00:00'),
(30, 'Istiono Bin Supartono', 1, 'Narkotika', 'Ninik', 'PP 99 Asimilasi & PB', '2020-12-09', 30, '2021-01-11', '', '', '0000-00-00 00:00:00', '0000-00-00 00:00:00'),
(31, 'Winarko Bin Jumianto', 1, 'Narkotika', 'Marinda', 'PP 99 Asimilasi & PB', '2020-12-09', 31, '2021-01-11', '', '', '0000-00-00 00:00:00', '0000-00-00 00:00:00'),
(32, 'Ali Andi Sucahyono', 1, 'Narkotika', 'Yudha', 'PB', '2020-12-09', 32, '2021-01-11', '', '', '0000-00-00 00:00:00', '0000-00-00 00:00:00'),
(33, 'Sunardi Bin Supadi', 1, 'P.Anak/81', 'Mirna', 'PB', '2020-12-09', 33, '2021-01-11', '', '', '0000-00-00 00:00:00', '0000-00-00 00:00:00'),
(34, 'Rusdiyanto Bin Supadi', 1, 'Narkotika', 'Heri', 'PB', '2020-12-09', 34, '2021-01-11', '', '', '0000-00-00 00:00:00', '0000-00-00 00:00:00'),
(35, 'Subaidi Bin Moh Sukri', 1, 'Narkotika', 'Nodya', 'PB', '2020-12-09', 35, '2021-01-11', '', '', '0000-00-00 00:00:00', '0000-00-00 00:00:00'),
(36, 'DR Moh Sholeh', 1, 'P.Anak/81', 'Widodo', 'PB', '2020-12-09', 36, '2021-01-11', '', '', '0000-00-00 00:00:00', '0000-00-00 00:00:00'),
(37, 'Ganda Himawan', 1, 'P.Anak/81', 'Yurika', 'PB', '2020-12-09', 37, '2021-01-11', '', '', '0000-00-00 00:00:00', '0000-00-00 00:00:00'),
(38, 'Bambang Eko Prasetyo', 2, 'P.Anak/81', 'Heri', 'PB', '2020-12-02', 38, '2021-01-14', '', '', '0000-00-00 00:00:00', '0000-00-00 00:00:00'),
(39, 'Agam Hadi Saputro', 2, 'P.Anak/81', 'Maji', 'PB', '2020-12-02', 39, '2021-01-14', '', '', '0000-00-00 00:00:00', '0000-00-00 00:00:00'),
(40, 'Katimun Bin Kadeni', 2, 'Asusila', 'Sudiro', 'PB', '2020-12-02', 40, '2021-01-14', '', '', '0000-00-00 00:00:00', '0000-00-00 00:00:00'),
(41, 'Dimas Hasbi', 2, 'P.Anak/81', 'Agung', 'PB', '2020-12-02', 41, '2021-01-14', '', '', '0000-00-00 00:00:00', '0000-00-00 00:00:00'),
(42, 'Hari Setiono Bin Djayus', 2, 'Narkotika', 'Nining', 'PB', '2020-12-02', 42, '2021-01-14', '', '', '0000-00-00 00:00:00', '0000-00-00 00:00:00'),
(43, 'Hari Santono', 2, 'Narkotika', 'Nodya', 'PP 99 Asimilasi & PB', '2020-12-02', 43, '2021-01-14', '', '', '0000-00-00 00:00:00', '0000-00-00 00:00:00'),
(44, 'Moh. Riski Bin Nurul Hayat', 2, 'Perampokan', 'Mirna', 'PB', '2020-12-02', 44, '2021-01-14', '', '', '0000-00-00 00:00:00', '0000-00-00 00:00:00'),
(45, 'Sugeng Prasetyo', 2, 'P.Anak/82', 'Heri', 'PB', '2020-12-02', 45, '2021-01-14', '', '', '0000-00-00 00:00:00', '0000-00-00 00:00:00'),
(46, 'Wiro Cahyo Mulyono', 2, 'Narkotika', 'Nurul Akmalah', 'PP 99 Asimilasi & PB', '2020-12-02', 46, '2021-01-14', '', '', '0000-00-00 00:00:00', '0000-00-00 00:00:00'),
(47, 'Suyono Bin Kamiso', 2, 'Narkotika', 'Yurika', 'PP 99 Asimilasi & PB', '2020-12-02', 47, '2021-01-14', '', '', '0000-00-00 00:00:00', '0000-00-00 00:00:00'),
(48, 'Zainal Arifin', 2, 'P.Anak/81', 'Sukarman', 'PB', '2020-12-02', 48, '2021-01-14', '', '', '0000-00-00 00:00:00', '0000-00-00 00:00:00'),
(49, 'Budi Utomo', 2, 'Penipuan', 'Widodo', 'PB', '2020-12-02', 49, '2021-01-14', '', '', '0000-00-00 00:00:00', '0000-00-00 00:00:00'),
(50, 'Zainuddin Bin Sahril', 3, 'Pembunuhan', 'Ibnu S', 'PB', '2020-12-03', 50, '2021-01-14', '', '', '0000-00-00 00:00:00', '0000-00-00 00:00:00'),
(51, 'Gangsar Marsudiana', 3, 'KDRT', 'Sugeng', 'PB', '2020-12-03', 51, '2021-01-14', '', '', '0000-00-00 00:00:00', '0000-00-00 00:00:00'),
(52, 'Sugeng Hartono', 3, 'Pembunuhan', 'Sri Utami', 'PB', '2020-12-03', 52, '2021-01-14', '', '', '0000-00-00 00:00:00', '0000-00-00 00:00:00'),
(53, 'Dimas Dwi Wahyu', 3, 'Narkotika', 'Sri Endang', 'PP 99 Asimilasi & PB', '2020-12-03', 53, '2021-01-14', '', '', '0000-00-00 00:00:00', '0000-00-00 00:00:00'),
(54, 'Imron Bin Hamid', 3, 'Narkotika', 'Tri Lestari', 'PP 99 Asimilasi & PB', '2020-12-03', 54, '2021-01-14', '', '', '0000-00-00 00:00:00', '0000-00-00 00:00:00'),
(55, 'Kasbulah Bin Kasto', 3, 'Narkotika', 'Ninik', 'PP 99 Asimilasi & PB', '2020-12-03', 55, '2021-01-14', '', '', '0000-00-00 00:00:00', '0000-00-00 00:00:00'),
(56, 'Shohibul Imron Bin Buadi', 3, 'Narkotika', 'Marinda', 'PP 99 Asimilasi & PB', '2020-12-03', 56, '2021-01-14', '', '', '0000-00-00 00:00:00', '0000-00-00 00:00:00'),
(57, 'Agus Suyanto', 3, 'Migas', 'Ibnu S', 'CB', '2020-12-03', 57, '2021-01-14', '', '', '0000-00-00 00:00:00', '0000-00-00 00:00:00'),
(58, 'Fajar Supriyadi', 3, 'Lakalantas', 'Gatot', 'CB', '2020-12-03', 58, '2021-01-14', '', '', '0000-00-00 00:00:00', '0000-00-00 00:00:00'),
(59, 'Hadi Saputra', 3, 'Pencurian', 'Hartatik', 'CB', '2020-12-03', 59, '2021-01-14', '', '', '0000-00-00 00:00:00', '0000-00-00 00:00:00'),
(60, 'No Supriono', 3, 'Kekerasan', 'Yudha', 'CB', '2020-12-03', 60, '2021-01-14', '', '', '0000-00-00 00:00:00', '0000-00-00 00:00:00'),
(61, 'Novan Yudha Pratama', 3, 'Penipuan', 'Agung', 'CB', '2020-12-03', 61, '2021-01-14', '', '', '0000-00-00 00:00:00', '0000-00-00 00:00:00'),
(62, 'Nur Samsudin Bin Suparno', 3, 'Pencurian', 'Supeni', 'CB', '2020-12-03', 62, '2021-01-14', '', '', '0000-00-00 00:00:00', '0000-00-00 00:00:00'),
(63, 'Ahmad Heri S', 3, 'Narkotika', 'Budi', 'PP 99 Asimilasi & PB', '2020-12-21', 63, '2021-01-14', '', '', '0000-00-00 00:00:00', '0000-00-00 00:00:00'),
(64, 'Purnomo', 3, 'Narkotika', 'Agung', 'PP 99 Asimilasi & PB', '2020-12-21', 64, '2021-01-14', '', '', '0000-00-00 00:00:00', '0000-00-00 00:00:00'),
(65, 'Salehuddin Bin Ismail', 3, 'Narkotika', 'Sri Endang', 'PP 99 Asimilasi & PB', '2020-12-21', 65, '2021-01-14', '', '', '0000-00-00 00:00:00', '0000-00-00 00:00:00'),
(66, 'Rohmanudin Bin Tumiran', 3, 'Penganiayaan', 'Eny Mindayani', 'Asimilasi di rumah', '2021-01-05', 66, '2021-01-18', '', '', '0000-00-00 00:00:00', '0000-00-00 00:00:00'),
(67, 'Eddy Sumanto Bin Sumo Sodimin', 3, 'Pencurian', 'Supriyadi', 'Asimilasi di rumah', '2021-01-05', 67, '2021-01-18', '', '', '0000-00-00 00:00:00', '0000-00-00 00:00:00'),
(68, 'Warsono Bin Imam Tukiran', 3, 'Narkotika', 'Sudiro', 'Asimilasi di rumah', '2021-01-05', 68, '2021-01-18', '', '', '0000-00-00 00:00:00', '0000-00-00 00:00:00'),
(69, 'Barno Bin Sumiran', 3, 'Kehutanan', 'Sugeng', 'Asimilasi di rumah', '2021-01-05', 69, '2021-01-18', '', '', '0000-00-00 00:00:00', '0000-00-00 00:00:00'),
(70, 'Ismanun Bin Marlan', 3, 'KDRT', 'Ibnu S', 'Asimilasi di rumah', '2021-01-05', 70, '2021-01-18', '', '', '0000-00-00 00:00:00', '0000-00-00 00:00:00'),
(71, 'Untung Saipul Bakti Bin Sabagio', 3, 'Kesehatan', 'Sukarman', 'Asimilasi di rumah', '2021-01-05', 71, '2021-01-18', '', '', '0000-00-00 00:00:00', '0000-00-00 00:00:00'),
(72, 'Agus Suyanto Bin Moh Djaenur', 3, 'Migas', 'Ibnu S', 'Asimilasi di rumah', '2021-01-05', 72, '2021-01-18', '', '', '0000-00-00 00:00:00', '0000-00-00 00:00:00'),
(73, 'Boiren Bin Sogi', 4, 'Pangan', 'Erlyn W', 'Asimilasi di rumah dan CB', '2021-01-11', 73, '2021-01-18', '', '', '0000-00-00 00:00:00', '0000-00-00 00:00:00'),
(74, 'Darmanto Bin Sukarni', 4, 'Pencurian', 'Hartatik', 'Asimilasi di rumah dan CB', '2021-01-11', 74, '2021-01-18', '', '', '0000-00-00 00:00:00', '0000-00-00 00:00:00'),
(75, 'Prayitno Bin Naji', 4, 'P.Anak/81', 'Erlyn W', 'PB', '2021-01-11', 75, '2021-01-18', '', '', '0000-00-00 00:00:00', '0000-00-00 00:00:00'),
(76, 'Moh. Rifai Bin Suparni', 4, 'Pencurian', 'Eny Mindayani', 'PB', '2021-01-11', 76, '2021-01-18', '', '', '0000-00-00 00:00:00', '0000-00-00 00:00:00'),
(77, 'Gunanto Bin Kateni', 4, 'Pencurian', 'Gatot B', 'PB', '2021-01-11', 77, '2021-01-18', '', '', '0000-00-00 00:00:00', '0000-00-00 00:00:00'),
(78, 'Rochim Eko Waluyo Bin (Alm) Wagimin', 5, 'Perjudian', 'Supeni', 'Asimilasi di rumah', '2021-01-14', 78, '2021-01-18', '', '', '0000-00-00 00:00:00', '0000-00-00 00:00:00'),
(79, 'Reva Dandy Santoso Bin Eko Budi', 5, 'Narkotika', 'Budi P', 'Asimilasi di rumah', '2021-01-14', 79, '2021-01-18', '', '', '0000-00-00 00:00:00', '0000-00-00 00:00:00'),
(80, 'Rohmad Bin (Alm) Marto', 5, 'Pencurian', 'Gatot B', 'Asimilasi di rumah', '2021-01-14', 80, '2021-01-18', '', '', '0000-00-00 00:00:00', '0000-00-00 00:00:00'),
(81, 'Santoso Bin Satar', 6, 'Pangan', 'Maji H', 'CB', '2021-01-08', 81, '2021-01-18', '', '', '0000-00-00 00:00:00', '0000-00-00 00:00:00'),
(82, 'Basri Bin Alm Karyo', 5, 'Pencurian', 'Eny Mindayani', 'Asimilasi di rumah', '2021-01-12', 82, '2021-01-18', '', '', '0000-00-00 00:00:00', '0000-00-00 00:00:00'),
(83, 'Eko Setyo Budi', 2, 'Kesehatan', 'Nining', '', '2021-01-15', 83, '2021-01-21', '', '', '0000-00-00 00:00:00', '0000-00-00 00:00:00'),
(84, 'Joko Supriyanto Bin Kadis', 2, 'P.Anak/81', 'Ninik', '', '2021-01-15', 84, '2021-01-21', '', '', '0000-00-00 00:00:00', '0000-00-00 00:00:00'),
(85, 'Muh. Ardika Yudistira', 2, 'Kesehatan', 'Yudha', '', '2021-01-15', 85, '2021-01-21', '', '', '0000-00-00 00:00:00', '0000-00-00 00:00:00'),
(86, 'Pairun Bin Toimin', 2, 'Kehutanan', 'Sugeng', '', '2021-01-15', 86, '2021-01-21', '', '', '0000-00-00 00:00:00', '0000-00-00 00:00:00'),
(87, 'Wintono Bin Sumarto', 2, 'Kesusilaan', 'Mirna', '', '2021-01-15', 87, '2021-01-21', '', '', '0000-00-00 00:00:00', '0000-00-00 00:00:00'),
(88, 'Rizal Ayub Rahman', 5, 'Perampokan', 'Nodya', 'CB', '2021-01-06', 88, '2021-01-21', '', '', '0000-00-00 00:00:00', '0000-00-00 00:00:00'),
(89, 'Sutris Bin Jemikan', 5, 'Penadahan', 'Supriyadi', 'Asimilasi dirumah', '2021-01-06', 89, '2021-01-21', '', '', '0000-00-00 00:00:00', '0000-00-00 00:00:00'),
(90, 'Sumarno Bin Alm Rejo', 5, 'UU ITE', 'Ibnu S', 'Asimilasi dirumah', '2021-01-06', 90, '2021-01-21', '', '', '0000-00-00 00:00:00', '0000-00-00 00:00:00'),
(91, 'Sri Wulandari Binti Sutopo', 7, 'Narkotika', 'Nurul Akmalah', 'PB', '2020-12-28', 91, '2021-01-21', '', '', '0000-00-00 00:00:00', '0000-00-00 00:00:00'),
(92, 'R.Deva Setya Putra Hartono Bin R Hendro', 4, 'Pencurian', 'Hartatik', 'Asimilasi dirumah', '2021-01-18', 92, '2021-01-25', '', '', '0000-00-00 00:00:00', '0000-00-00 00:00:00'),
(93, 'Mujianto Bin Salim', 4, 'Penganiayaan', 'Eny Mindayani', 'Asimilasi dirumah', '2021-01-18', 93, '2021-01-25', '', '', '0000-00-00 00:00:00', '0000-00-00 00:00:00'),
(94, 'Supriyadi Bin Supriyanto (Alm)', 8, 'Narkotika', 'Yurika', 'Asimilasi dirumah', '2021-01-15', 94, '2021-01-25', '', '', '0000-00-00 00:00:00', '0000-00-00 00:00:00'),
(95, 'Sukimin Bin Sukidi', 9, 'Lakalantas', 'Gatot B', 'Asimilasi dirumah', '2021-01-15', 95, '2021-01-25', '', '', '0000-00-00 00:00:00', '0000-00-00 00:00:00'),
(96, 'Agung Nur Ihsan', 10, 'Lakalantas/310', 'Sri Endang', 'Diversi', '2021-01-22', 96, '2021-01-25', '', 'AKOT', '0000-00-00 00:00:00', '0000-00-00 00:00:00'),
(97, 'Dimas Nurcahyono bin Edy Prasojo', 10, 'Lakalantas/310', 'Budi Prasodjo', 'Diversi', '2021-01-22', 97, '2021-01-25', '', 'AKOT', '0000-00-00 00:00:00', '0000-00-00 00:00:00'),
(98, 'Arsa Prabowo bin Sunar', 11, 'PA/81', 'Sudiro', 'Sidang', '2021-01-26', 98, '2021-01-27', '', 'LPKA', '0000-00-00 00:00:00', '0000-00-00 00:00:00'),
(99, 'Indra Dwi S bin Satimin', 12, 'Pencurian/362', 'Sukarman', 'Diversi', '2021-01-18', 99, '2021-01-18', '', 'AKOT', '0000-00-00 00:00:00', '0000-00-00 00:00:00'),
(100, 'Wahyu Izhar Saputro bin Sunaryo', 13, 'PA/81', 'Sudiro', 'PB Anak', '2021-01-26', 100, '2021-01-26', '', 'PB Anak', '0000-00-00 00:00:00', '0000-00-00 00:00:00'),
(101, 'Haryono Untoro Bin Sejati Untoro', 2, 'Narkotika', 'Agung Witjaksono', 'PB', '2021-01-21', 101, '2021-01-28', '', 'PB', '0000-00-00 00:00:00', '0000-00-00 00:00:00'),
(102, 'Sapta Sukron Nugraha Bin Muhadi', 2, 'Kesehatan', 'Sri Endang', 'Asimilasi dirumah', '2021-01-22', 102, '2021-02-01', '', '', '0000-00-00 00:00:00', '0000-00-00 00:00:00'),
(103, 'Sariyono Bin Soyo', 2, 'Kehutanan', 'Sugeng', 'Asimilasi dirumah', '2021-01-22', 103, '2021-02-01', '', '', '0000-00-00 00:00:00', '0000-00-00 00:00:00'),
(104, 'Taufan Maulana Alamsyah Bin Marwoto', 2, 'Kesehatan', 'Widodo', 'Asimilasi dirumah', '2021-01-22', 104, '2021-02-01', '', '', '0000-00-00 00:00:00', '0000-00-00 00:00:00'),
(105, 'Najib Indirwan Bin Misno', 2, 'Kesehatan', 'Sukarman', 'Asimilasi dirumah', '2021-01-22', 105, '2021-02-01', '', '', '0000-00-00 00:00:00', '0000-00-00 00:00:00'),
(106, 'Deni Hartono Bin Daryanto', 2, 'Kesehatan', 'Maji Harwanto', 'Asimilasi dirumah', '2021-01-22', 106, '2021-02-01', '', '', '0000-00-00 00:00:00', '0000-00-00 00:00:00'),
(107, 'Nurwachid Indra Sakti', 2, 'Penipuan', 'Budi Prasodjo', 'Asimilasi dirumah', '2021-01-22', 107, '2021-02-01', '', '', '0000-00-00 00:00:00', '0000-00-00 00:00:00'),
(108, 'Nicholas Aditya Fajar ', 14, 'Kealpaan', 'Hartatik', 'Asimilasi dirumah', '2021-01-13', 108, '2021-02-04', '', '', '0000-00-00 00:00:00', '0000-00-00 00:00:00'),
(109, 'Catur Putra Perdana Als Somo ', 14, 'Pengeroyokan', 'Eny Mindayani', 'Asimilasi dirumah', '2021-01-13', 109, '2021-02-04', '', '', '0000-00-00 00:00:00', '0000-00-00 00:00:00'),
(110, 'Suparno Bin Nyono', 14, 'Pembalakan Liar', 'Ibnu S', 'Asimilasi dirumah', '2021-01-13', 110, '2021-02-04', '', '', '0000-00-00 00:00:00', '0000-00-00 00:00:00'),
(111, 'Adi Suroso Als Sogol Bin Jumadi', 14, 'Perjudian', 'Supeni', 'Asimilasi dirumah', '2021-01-13', 111, '2021-02-04', '', '', '0000-00-00 00:00:00', '0000-00-00 00:00:00'),
(112, 'Beni Andika Bin Sutarno', 14, 'Perjudian', 'Supeni', 'Asimilasi dirumah', '2021-01-13', 112, '2021-02-04', '', '', '0000-00-00 00:00:00', '0000-00-00 00:00:00'),
(113, 'Sarju Bin Somorejo', 14, 'Perjudian', 'Supeni', 'Asimilasi dirumah', '2021-01-13', 113, '2021-02-04', '', '', '0000-00-00 00:00:00', '0000-00-00 00:00:00'),
(114, 'Suryanto Bin Sutoyo', 14, 'Perjudian', 'Eny Mindayani', 'Asimilasi dirumah', '2021-01-13', 114, '2021-02-04', '', '', '0000-00-00 00:00:00', '0000-00-00 00:00:00'),
(115, 'Taufan Dwi Prabowo Als Jarwo Bin Kamin', 14, 'Perjudian', 'Hartatik', 'Asimilasi dirumah', '2021-01-13', 115, '2021-02-04', '', '', '0000-00-00 00:00:00', '0000-00-00 00:00:00'),
(116, 'Lasamun Als Jembling Bin Sirin', 14, 'Perjudian', 'Gatot B', 'Asimilasi dirumah', '2021-01-13', 116, '2021-02-04', '', '', '0000-00-00 00:00:00', '0000-00-00 00:00:00'),
(117, 'Didik Wahyudo Bin Suryono', 14, 'Perjudian', 'Widodo', 'Asimilasi dirumah', '2021-01-13', 117, '2021-02-04', '', '', '0000-00-00 00:00:00', '0000-00-00 00:00:00'),
(118, 'Sumarminto Bin Wongsorejo', 14, 'Perjudian', 'Nining S', 'Asimilasi dirumah', '2021-01-13', 118, '2021-02-04', '', '', '0000-00-00 00:00:00', '0000-00-00 00:00:00'),
(119, 'Lasimin Bin Marjan (Alm)', 14, 'Perjudian', 'Sri Endang L', 'Asimilasi dirumah', '2021-01-13', 119, '2021-02-04', '', '', '0000-00-00 00:00:00', '0000-00-00 00:00:00'),
(120, 'Gilang Kusuma Ardiansyah', 15, 'Pencurian', 'Maji H', 'Putusan <12 tahun ', '2021-01-27', 120, '2021-01-29', '', 'AKOT', '0000-00-00 00:00:00', '0000-00-00 00:00:00'),
(121, 'Kaderi Bin Soimun', 4, 'Perjudian', 'Heri Ardianto', 'Asimilasi dirumah', '2021-01-04', 121, '2021-01-29', '', '', '0000-00-00 00:00:00', '0000-00-00 00:00:00'),
(122, 'Tukiyar Bin Boiran', 4, 'Perjudian', 'Heri Ardianto', 'Asimilasi dirumah', '2021-01-04', 122, '2021-01-29', '', '', '0000-00-00 00:00:00', '0000-00-00 00:00:00'),
(123, 'Tulus Bin Jemingan', 4, 'Perjudian', 'Heri Ardianto', 'Asimilasi dirumah', '2021-01-04', 123, '2021-01-29', '', '', '0000-00-00 00:00:00', '0000-00-00 00:00:00'),
(124, 'Isnanto Bin Jumino', 4, 'Perjudian', 'Heri Ardianto', 'Asimilasi dirumah', '2021-01-04', 124, '2021-01-29', '', '', '0000-00-00 00:00:00', '0000-00-00 00:00:00'),
(125, 'Setiwan Bin Misri', 4, 'Perjudian', 'Heri Ardianto', 'Asimilasi dirumah', '2021-01-04', 125, '2021-01-29', '', '', '0000-00-00 00:00:00', '0000-00-00 00:00:00'),
(126, 'Nur Samsudin Bin Suparno', 3, 'Pencurian', 'Hartatik', 'Asimilasi di rumah/CB', '2021-01-25', 126, '2021-02-04', '', 'FEBRUARI', '0000-00-00 00:00:00', '0000-00-00 00:00:00'),
(127, 'Essa Riva Irwansyah Bin Siswanto', 3, 'Kesehatan', 'Tri Lestari', 'Asimilasi di rumah/CB', '2021-01-28', 127, '2021-02-04', '', '', '0000-00-00 00:00:00', '0000-00-00 00:00:00'),
(128, 'Dwi Cahyono Widyanto Bin Suroto', 3, 'Kesehatan', 'Ninik Lestari', 'Asimilasi di rumah/CB', '2021-01-28', 128, '2021-02-04', '', '', '0000-00-00 00:00:00', '0000-00-00 00:00:00'),
(129, 'Sri Wahyuni Binti Sukamto', 3, 'Penggelapan', 'Marinda', 'Asimilasi di rumah/CB', '2021-01-28', 129, '2021-02-04', '', '', '0000-00-00 00:00:00', '0000-00-00 00:00:00'),
(130, 'Abdul Rohman Bin Paiman', 3, 'Bahan Peledak', 'Sugeng Larianto', 'Asimilasi di rumah/CB', '2021-01-28', 130, '2021-02-04', '', '', '0000-00-00 00:00:00', '0000-00-00 00:00:00'),
(131, 'Supardi Bin Adi Pariman', 3, 'Kehutanan', 'Ibnu Syukur', 'Asimilasi di rumah', '2021-01-28', 131, '2021-02-04', '', '', '0000-00-00 00:00:00', '0000-00-00 00:00:00'),
(132, 'Sukirno Bin Kasan Redjo', 2, 'Penipuan', 'Yurika', 'Pembimbingan', '2021-01-20', 132, '2021-01-27', '', '', '0000-00-00 00:00:00', '0000-00-00 00:00:00'),
(133, 'Tika Tri Novitasari', 16, 'Narkotika', 'Yurika', 'Pembimbingan', '2021-01-20', 133, '2021-01-28', '', '', '0000-00-00 00:00:00', '0000-00-00 00:00:00'),
(134, 'Anton Wijanarko', 14, 'Kesehatan', 'Yurika', 'Pembimbingan', '2021-01-20', 134, '2021-02-03', '', '', '0000-00-00 00:00:00', '0000-00-00 00:00:00'),
(135, 'Anggi Budi Setiawan Bin Rusmawanto', 17, 'PA/81', 'Tri Lestari', 'Sidang', '2021-01-28', 135, '2021-02-02', '', 'PONPES', '0000-00-00 00:00:00', '0000-00-00 00:00:00'),
(136, 'Titis Setio Pambudi', 18, 'Narkotika', 'Yudha Mei S', 'Asimilasi di Rumah/CB', '2021-01-29', 136, '2021-02-04', '', '', '0000-00-00 00:00:00', '0000-00-00 00:00:00'),
(137, 'Edi Suprapto Als. Jembling', 19, 'Narkotika', 'Nining S', 'Asimilasi di Rumah', '2021-01-06', 137, '2021-02-04', '', '', '0000-00-00 00:00:00', '0000-00-00 00:00:00'),
(138, 'Wilson Agus Prianto Bin Feri Yance P.', 20, 'Pencurian', 'Gatot B', 'CB', '2020-11-24', 138, '2021-02-04', '', '', '0000-00-00 00:00:00', '0000-00-00 00:00:00'),
(139, 'Joko Heru Prasetyo Bin Gimar', 21, 'Narkotika', 'Heri Ardianto', 'PB', '2020-11-23', 139, '2021-02-04', '', '', '0000-00-00 00:00:00', '0000-00-00 00:00:00'),
(140, 'Nur Adjain Bin Sardi (Alm)', 3, 'PA/81', 'Mirna Fitri ', 'PB', '2021-01-29', 140, '2021-02-04', '', '', '0000-00-00 00:00:00', '0000-00-00 00:00:00'),
(141, 'Army Sancoyo Kuntoro Bin Soekidi (Alm)', 3, 'Narkotika/114', 'Nodya Wuri', 'PB', '2021-01-29', 141, '2021-02-04', '', '', '0000-00-00 00:00:00', '0000-00-00 00:00:00'),
(142, 'Niko Setiawan Bin Sujari', 3, 'PA/81', 'Nurul Akmalah', 'PB', '2021-01-29', 142, '2021-02-04', '', '', '0000-00-00 00:00:00', '0000-00-00 00:00:00'),
(143, 'Achmad Imron Taufik', 3, 'Narkotika/114', 'Yurika', '(PP99) PB dan Asimilasi', '2021-01-29', 143, '2021-02-08', '', '', '0000-00-00 00:00:00', '0000-00-00 00:00:00'),
(144, 'Wahyu Dwi Santoso', 3, 'Narkotika/114', 'Sri Utami', '(PP99) PB dan Asimilasi', '2021-01-29', 144, '2021-02-04', '', '', '0000-00-00 00:00:00', '0000-00-00 00:00:00'),
(145, 'Samsul Arifin Bin Supardi', 3, 'Narkotika/114', 'Widodo', '(PP99) PB dan Asimilasi', '2021-01-29', 145, '2021-02-04', '', '', '0000-00-00 00:00:00', '0000-00-00 00:00:00'),
(146, 'Mochamad Bachrul Ulum', 3, 'Narkotika/112', 'Sudiro', '(PP99) PB dan Asimilasi', '2021-01-29', 146, '2021-02-04', '', '', '0000-00-00 00:00:00', '0000-00-00 00:00:00'),
(147, 'Slamet Riyadi Bin Namin', 3, 'Narkotika/112', 'Sukarman', '(PP99) PB dan Asimilasi', '2021-01-29', 147, '2021-02-04', '', '', '0000-00-00 00:00:00', '0000-00-00 00:00:00'),
(148, 'Luhur Hadi Prayitno', 3, 'Narkotika/114', 'Sri Endang L', '(PP99) PB dan Asimilasi', '2021-01-29', 148, '2021-02-04', '', '', '0000-00-00 00:00:00', '0000-00-00 00:00:00'),
(149, 'Luki Sumaryanto', 3, 'Narkotika/112', 'Budi Prasodjo', '(PP99) PB dan Asimilasi', '2021-01-29', 149, '2021-02-04', '', '', '0000-00-00 00:00:00', '0000-00-00 00:00:00'),
(150, 'Agus Suhartono', 3, 'Narkotika/114', 'Maji Harwanto', '(PP99) PB dan Asimilasi', '2021-01-29', 150, '2021-02-04', '', '', '0000-00-00 00:00:00', '0000-00-00 00:00:00'),
(151, 'Khoirul Ansori Bin Tadjab', 1, 'Narkotika', 'Tri Lestari', '(PP99) PB dan Asimilasi', '2021-01-28', 151, '2021-02-08', '', '', '0000-00-00 00:00:00', '0000-00-00 00:00:00'),
(152, 'Syaifudin Bin Kertosari', 1, 'Narkotika', 'Nining S', '(PP99) PB dan Asimilasi', '2021-01-28', 152, '2021-02-08', '', '', '0000-00-00 00:00:00', '0000-00-00 00:00:00'),
(153, 'Gatot Setiyawan Bin Nurhadi', 1, 'Narkotika', 'Ninik Lestari', '(PP99) PB dan Asimilasi', '2021-01-28', 153, '2021-02-08', '', '', '0000-00-00 00:00:00', '0000-00-00 00:00:00'),
(154, 'Samsul Arifin Bin Mat Pi\'i', 1, 'Narkotika', 'Marinda P', 'PB', '2021-01-28', 154, '2021-02-08', '', '', '0000-00-00 00:00:00', '0000-00-00 00:00:00'),
(155, 'Adi Prayetno Bin Karmidi', 1, 'Narkotika', 'Yudha Mei S', '(PP99) PB dan Asimilasi', '2021-01-28', 155, '2021-02-08', '', '', '0000-00-00 00:00:00', '0000-00-00 00:00:00'),
(156, 'Yudi Bakhrul Ulum Bin Ahmad Husin', 1, 'Narkotika', 'Heri Ardianto', '(PP99) PB dan Asimilasi', '2021-01-28', 156, '2021-02-08', '', '', '0000-00-00 00:00:00', '0000-00-00 00:00:00'),
(157, 'Ricky Adit Julianto Bin Sugito', 1, 'Narkotika', 'Mirna Fitri ', '(PP99) PB dan Asimilasi', '2021-01-28', 157, '2021-02-08', '', '', '0000-00-00 00:00:00', '0000-00-00 00:00:00'),
(158, 'Abdullah Hadi Bin Wujud', 1, 'Narkotika', 'Nodya Wuri', '(PP99) PB dan Asimilasi', '2021-01-28', 158, '2021-02-08', '', '', '0000-00-00 00:00:00', '0000-00-00 00:00:00'),
(159, 'Yano Falentino Paat Bin Ambrusius A. Paat', 1, 'Narkotika', 'Nurul Akmalah', '(PP99) PB dan Asimilasi', '2021-01-28', 159, '2021-02-08', '', '', '0000-00-00 00:00:00', '0000-00-00 00:00:00'),
(160, 'Samsul Arifin Bin Budiono', 1, 'Narkotika', 'Yurika Oceane', 'CMB', '2021-01-28', 160, '2021-02-08', '', '', '0000-00-00 00:00:00', '0000-00-00 00:00:00'),
(161, 'Cundoko Seno Prasetyo Bin Hari Suseno', 1, 'Narkotika', 'Sri Utami', 'Asimilasi di Rumah dan PB', '2021-01-28', 161, '2021-02-08', '', '', '0000-00-00 00:00:00', '0000-00-00 00:00:00'),
(162, 'Agus Muhamad Solikin Bin Mamad Triyanto', 1, 'Narkotika', 'Widodo', 'Asimilasi di Rumah dan PB', '2021-01-28', 162, '2021-02-08', '', '', '0000-00-00 00:00:00', '0000-00-00 00:00:00'),
(163, 'Setyajid Bin Sarni (Alm)', 22, 'Lakalantas', 'Eny Mindayani', 'Asimilasi di Rumah dan CB', '2021-02-01', 163, '2021-02-08', '', '', '0000-00-00 00:00:00', '0000-00-00 00:00:00'),
(164, 'Joko Widodo Paradianto Bin Gandi G', 14, 'KDRT', 'Sugeng Larianto', 'Asimilasi di Rumah dan CB', '2021-02-05', 164, '2021-02-11', '', '', '0000-00-00 00:00:00', '0000-00-00 00:00:00'),
(165, 'David Purbo Widiyanto Bin Karyadi', 14, 'Perjudian', 'Supriyadi', 'Asimilasi di Rumah dan CB', '2021-02-05', 165, '2021-02-11', '', '', '0000-00-00 00:00:00', '0000-00-00 00:00:00'),
(166, 'Masma Als Gemok Bin Siono (Alm)', 14, 'Perjudian', 'Supeni', 'Asimilasi di Rumah dan CB', '2021-02-05', 166, '2021-02-11', '', '', '0000-00-00 00:00:00', '0000-00-00 00:00:00'),
(167, 'Teguh Adji Saputra Als Ajek Bin Agus', 14, 'Kesehatan', 'Sudiro', 'Asimilasi di Rumah dan CB', '2021-02-05', 167, '2021-02-11', '', '', '0000-00-00 00:00:00', '0000-00-00 00:00:00'),
(168, 'Prawoto Bin Sukardi', 14, 'Pembalakan Liar', 'Ibnu Syukur', 'Asimilasi di Rumah dan CB', '2021-02-05', 168, '2021-02-11', '', '', '0000-00-00 00:00:00', '0000-00-00 00:00:00'),
(169, 'Linggar Kartika Yudha Bin Puryanto', 14, 'PA/81', 'Sukarman', 'PB', '2021-01-30', 169, '2021-02-15', '', '', '0000-00-00 00:00:00', '0000-00-00 00:00:00'),
(170, 'Wendy Sanjaya Bin Ong Jimmy', 14, 'Narkotika/112', 'Maji Harwanto', 'PB', '2021-01-30', 170, '2021-02-15', '', '', '0000-00-00 00:00:00', '0000-00-00 00:00:00'),
(171, 'Junaedi Bin Wahyudi', 14, 'Narkotika/112', 'Sri Endang', 'CMB', '2021-01-30', 171, '2021-02-15', '', '', '0000-00-00 00:00:00', '0000-00-00 00:00:00'),
(172, 'Heri Irawan', 4, 'PA/81', 'Erlyn W', 'Pembinaan Awal + Perawatan', '2021-02-01', 172, '2021-02-15', '', '', '0000-00-00 00:00:00', '0000-00-00 00:00:00'),
(173, 'Muhamad Anwar', 4, 'Narkotika/112', 'Erlyn W', 'Pembinaan Awal + Perawatan', '2021-02-01', 173, '2021-02-15', '', '', '0000-00-00 00:00:00', '0000-00-00 00:00:00'),
(174, 'Ery Prasetyo Bin Muljanto ', 2, 'Narkotika/112', 'Budi Prasodjo', 'Asimilasi', '2021-02-03', 174, '2021-02-15', '', '', '0000-00-00 00:00:00', '0000-00-00 00:00:00'),
(175, 'Puguh Budi Utomo', 7, 'Penggelapan', 'Ninik Lestari', 'CB', '2021-01-22', 175, '2021-02-15', '', '', '0000-00-00 00:00:00', '0000-00-00 00:00:00'),
(176, 'Siswanto Bin Misdi', 7, 'Narkotika/114', 'Heri Ardianto', 'PB', '2021-01-22', 176, '2021-02-15', '', '', '0000-00-00 00:00:00', '0000-00-00 00:00:00'),
(177, 'Isnaini Bin Rusdi (Alm)', 23, 'Narkotika/112', 'Sudiro', 'PB', '2021-01-01', 177, '2021-02-15', '', '', '0000-00-00 00:00:00', '0000-00-00 00:00:00'),
(178, 'Muhammad Shodiq Bin Sugeng', 5, 'Penganiayaan', 'Hartatik', 'Asimilasi di Rumah + CB', '2021-01-25', 178, '2021-02-15', '', '', '0000-00-00 00:00:00', '0000-00-00 00:00:00'),
(179, 'Andrianto Eko Prasetyo', 5, 'Penganiayaan', 'Gatot B', 'Asimilasi di Rumah + CB', '2021-01-25', 179, '2021-02-15', '', '', '0000-00-00 00:00:00', '0000-00-00 00:00:00'),
(180, 'Beny Alfian Bin Jatim (Alm)', 24, 'Penggelapan/374', 'Tri Lestari', 'Asimilasi di Rumah + CB', '2021-02-02', 180, '2021-02-15', '', '', '0000-00-00 00:00:00', '0000-00-00 00:00:00'),
(181, 'Agus Heri Susanto', 24, 'Penggelapan/374', 'Marinda P', 'Asimilasi di Rumah + PB', '2021-02-02', 181, '2021-02-15', '', 'Cancel karena alamat di luar Korwil Madiun', '0000-00-00 00:00:00', '0000-00-00 00:00:00'),
(182, 'Wanda Ardianto Bin Senin', 25, 'Pembalakan Liar', 'Sugeng Larianto', 'Asimilasi di Rumah + CB', '2021-02-08', 182, '2021-02-15', '', '', '0000-00-00 00:00:00', '0000-00-00 00:00:00'),
(183, 'Marsono Als. Nolik Bin Mulyo Dikromo', 14, 'Pengeroyokan/170', 'Eny Mindayani', 'Asimilasi di Rumah + PB', '2021-02-04', 183, '2021-02-15', '', '', '0000-00-00 00:00:00', '0000-00-00 00:00:00'),
(184, 'Jarwo Bin Kasidin', 14, 'Pembalakan Liar', 'Ibnu Syukur', 'Asimilasi di Rumah + CB', '2021-02-09', 184, '2021-02-15', '', '', '0000-00-00 00:00:00', '0000-00-00 00:00:00'),
(185, 'Miskun Als. Sikun Bin Narsi', 14, 'Pembalakan Liar', 'Sugeng Larianto', 'Asimilasi di Rumah + CB', '2021-02-09', 185, '2021-02-15', '', '', '0000-00-00 00:00:00', '0000-00-00 00:00:00'),
(186, 'Wahyudi Purwo Jatmiko', 3, 'Penganiayaan', 'Yudha Mei S', 'Asimilasi di Rumah', '2021-02-08', 186, '2021-02-15', '', '', '0000-00-00 00:00:00', '0000-00-00 00:00:00'),
(187, 'Guntoro Bin Sawito', 3, 'Penggelapan', 'Mirna Fitri ', 'Asimilasi di Rumah + CB', '2021-02-08', 187, '2021-02-15', '', '', '0000-00-00 00:00:00', '0000-00-00 00:00:00'),
(188, 'Samian Bin Slamet', 3, 'Membantu Asusila/296 KUHP', 'Nodya Wuri', 'Asimilasi di Rumah + CB', '2021-02-08', 188, '2021-02-15', '', '', '0000-00-00 00:00:00', '0000-00-00 00:00:00'),
(189, 'Yuniar Agung Purwantoro', 3, 'Membantu Asusila/296 KUHP', 'Nurul Akmalah', 'Asimilasi di Rumah + CB', '2021-02-08', 189, '2021-02-15', '', '', '0000-00-00 00:00:00', '0000-00-00 00:00:00'),
(190, 'Adi Chandra Jaswir', 3, 'Narkotika/127', 'Yurika Oceane', 'Asimilasi di Rumah + CB', '2021-02-08', 190, '2021-02-15', '', '', '0000-00-00 00:00:00', '0000-00-00 00:00:00'),
(191, 'Ninah Maya Purnamasari', 3, 'Penggelapan', 'Maji Harwanto', 'Asimilasi di Rumah + CB', '2021-02-08', 191, '2021-02-15', '', '', '0000-00-00 00:00:00', '0000-00-00 00:00:00'),
(192, 'Ach Badrus Syamsi', 3, 'Narkotika/114', 'Agung Witjaksono', 'PB', '2021-02-04', 192, '2021-02-18', '', '', '0000-00-00 00:00:00', '0000-00-00 00:00:00'),
(193, 'Agus Wahyudi Bin Boniran', 3, 'Penipuan/378', 'Sri Utami', 'PB', '2021-02-04', 193, '2021-02-18', '', '', '0000-00-00 00:00:00', '0000-00-00 00:00:00'),
(194, 'Muchammad Arifin Bin Sujoto', 3, 'Penggelapan/374', 'Widodo', 'PB', '2021-02-04', 194, '2021-02-18', '', '', '0000-00-00 00:00:00', '0000-00-00 00:00:00'),
(195, 'Selva Undoyo Bin Kitik', 3, 'Narkotika/114', 'Nining S', '(PP99) PB dan Asimilasi', '2021-02-04', 195, '2021-02-18', '', '', '0000-00-00 00:00:00', '0000-00-00 00:00:00'),
(196, 'Achmad Nasrullah Dermawan', 3, 'Narkotika/112', 'Sukarman', '(PP99) PB dan Asimilasi', '2021-02-04', 196, '2021-02-18', '', '', '0000-00-00 00:00:00', '0000-00-00 00:00:00'),
(197, 'Supani Bin Kelar', 3, 'Narkotika/112', 'Sri Endang L', '(PP99) PB dan Asimilasi', '2021-02-04', 197, '2021-02-18', '', '', '0000-00-00 00:00:00', '0000-00-00 00:00:00'),
(198, 'Mohammad Samsul Hadi Bin Munirul Hadi', 3, 'Tipikor', 'Ibnu Syukur', '(PP99) PB dan Asimilasi', '2021-02-04', 198, '2021-02-18', '', '', '0000-00-00 00:00:00', '0000-00-00 00:00:00'),
(199, 'Mali Bin Mardin', 3, 'Pembunuhan', 'Sugeng Larianto', 'Perubahan Pidana', '2021-02-04', 199, '2021-02-18', '', '', '0000-00-00 00:00:00', '0000-00-00 00:00:00'),
(200, 'Solihin Als. M. Hazar Bin Hamzah', 3, 'Pembunuhan', 'Ibnu Syukur', 'Perubahan Pidana', '2021-02-04', 200, '2021-02-18', '', '', '0000-00-00 00:00:00', '0000-00-00 00:00:00'),
(201, 'Heri Martono Bin Sumadi', 3, 'Pembunuhan', 'Budi Prasodjo', 'Perubahan Pidana', '2021-02-04', 201, '2021-02-18', '', '', '0000-00-00 00:00:00', '0000-00-00 00:00:00'),
(202, 'Budiono Bin Dasimin', 3, 'Pembunuhan', 'Tri Lestari', 'Perubahan Pidana', '2021-02-04', 202, '2021-02-18', '', '', '0000-00-00 00:00:00', '0000-00-00 00:00:00'),
(203, 'Husainul Hamdi Bin Zainudin', 3, 'Pembunuhan', 'Nining S', 'Perubahan Pidana', '2021-02-04', 203, '2021-02-18', '', '', '0000-00-00 00:00:00', '0000-00-00 00:00:00'),
(204, 'Andri Widi Asmoro Bin Katoyak', 26, 'PA/81', 'Erlyn W', 'Pembebasan Bersyarat', '2021-02-10', 204, '2021-02-18', '', '', '0000-00-00 00:00:00', '0000-00-00 00:00:00'),
(205, 'Azza Yon Ihrom Bin Sukardi', 2, 'Narkotika 127', 'Ninik Lestari', 'Asimilasi di rumah dan CB', '2021-02-13', 205, '2021-02-22', '', '', '0000-00-00 00:00:00', '0000-00-00 00:00:00'),
(206, 'Moh Nuur Alifurrohman', 2, 'Kesehatan 196', 'Marinda P', 'Asimilasi di rumah dan CB', '2021-02-13', 206, '2021-02-22', '', '', '0000-00-00 00:00:00', '0000-00-00 00:00:00'),
(207, 'Kaseni Bin Jemikun', 2, 'PA/82', 'Marinda P', 'Asimilasi di rumah dan CB', '2021-02-13', 207, '2021-02-22', '', '', '0000-00-00 00:00:00', '0000-00-00 00:00:00'),
(208, 'Arie Santoso Bin Wagiman', 2, 'Kesehatan 196', 'Yudha Mei S', 'Asimilasi di rumah dan CB', '2021-02-13', 208, '2021-02-22', 'Diproses', '', '0000-00-00 00:00:00', '0000-00-00 00:00:00'),
(209, 'Eka Kurniawan Mahendra', 2, 'Kesehatan 196', 'Heri Ardianto', 'Asimilasi di rumah dan CB', '2021-02-13', 209, '2021-02-22', 'Diproses', '', '0000-00-00 00:00:00', '0000-00-00 00:00:00'),
(210, 'Hafid Margarae Firdaus', 2, 'Kesehatan 196', 'Nodya Wuri', 'Asimilasi di rumah dan CB', '2021-02-13', 210, '2021-02-22', 'Diproses', '', '0000-00-00 00:00:00', '0000-00-00 00:00:00'),
(211, 'Hanung Pramadya Nugroho', 2, 'Kesehatan 196', 'Nurul Akmalah', 'Asimilasi di rumah dan CB', '2021-02-13', 211, '2021-02-22', 'Diproses', '', '0000-00-00 00:00:00', '0000-00-00 00:00:00'),
(212, 'Susi Rahma Wulandari Binti Surono', 13, 'Narkotika 127', 'Agung Witjaksono', 'Asimilasi di rumah dan PB', '2021-02-17', 212, '2021-02-25', 'Diproses', '', '0000-00-00 00:00:00', '0000-00-00 00:00:00'),
(213, 'Slamet Sutriono Bin Sukarman', 13, 'Perjudian', 'Mirna', 'Asimilasi di rumah dan CB', '2021-02-17', 213, '2021-02-25', 'Diproses', '', '0000-00-00 00:00:00', '0000-00-00 00:00:00'),
(214, 'Rigan Bin Senen', 13, 'Perjudian', 'Widodo', 'Asimilasi di rumah dan CB', '2021-02-17', 214, '2021-02-25', 'Diproses', '', '0000-00-00 00:00:00', '0000-00-00 00:00:00'),
(215, 'Henderiyadi Bin Syarifsah (Alm)', 27, 'Perampokan', 'Yurika Oceane', 'Penempatan Awal', '2021-01-21', 215, '2021-02-25', 'Diproses', '', '0000-00-00 00:00:00', '0000-00-00 00:00:00'),
(216, 'Febri Baktiar', 27, 'tg6', 'Gatot B.', 'Pembinaan Awal', '2021-02-08', 216, '2021-02-25', 'Diproses', '', '0000-00-00 00:00:00', '0000-00-00 00:00:00'),
(217, 'Adji Satria Bin Aminin', 34, 'Narkotika', 'Nurul Akmalah', 'Asimilasi di Rumah dan CB', '2021-02-01', 217, '2021-02-25', 'Diproses', '', '0000-00-00 00:00:00', '0000-00-00 00:00:00'),
(218, 'Wahyu Rahma Pramudita', 28, 'Pencurian', 'Heri A', 'Litmas Anak Sidang', '2021-02-17', 218, '2021-02-17', 'Diproses', 'LPKA', '0000-00-00 00:00:00', '0000-00-00 00:00:00'),
(219, 'Adi Sutrisno Bin Sarni', 5, 'Perjudian', 'Nining', 'Asimilasi di Rumah dan CB', '2021-02-22', 219, '2021-02-25', 'Diproses', '', '0000-00-00 00:00:00', '0000-00-00 00:00:00'),
(220, 'R Djoko Siswanto Bin Sindoe Kandoro', 5, 'Tipikor', 'Sugeng', 'Asimilasi kerja sosial dan PB', '2021-02-22', 220, '2021-03-01', 'Diproses', '', '0000-00-00 00:00:00', '0000-00-00 00:00:00'),
(221, 'Kuntarto Bin Alm Sampurno', 5, 'Narkotika 112', 'Sri Endang', 'Asimilasi di rumah dan PB', '2021-02-22', 221, '2021-02-25', 'Diproses', '', '0000-00-00 00:00:00', '0000-00-00 00:00:00'),
(222, 'Karno Bin Miskun', 5, 'Pencurian', 'Hartatik', 'PB', '2021-02-22', 222, '2021-03-01', 'Diproses', '', '0000-00-00 00:00:00', '0000-00-00 00:00:00'),
(223, 'Hidayatulloh Bin Nur Hidayat', 5, 'Penipuan', 'Heri A', 'Asimilasi di rumah dan PB', '2021-02-22', 223, '2021-02-25', 'Diproses', '', '0000-00-00 00:00:00', '0000-00-00 00:00:00'),
(224, 'Adilliya Binti Nanang Sri Wibowo', 5, 'Perlindungan Anak', 'Maji H', 'PB', '2021-02-22', 224, '2021-03-01', 'Diproses', '', '0000-00-00 00:00:00', '0000-00-00 00:00:00'),
(225, 'Noor Akbar Waliansyah', 5, 'Jaminan Fidusia', 'Budi P', 'Asimilasi di rumah dan PB', '2021-02-22', 225, '2021-02-25', 'Diproses', '', '0000-00-00 00:00:00', '0000-00-00 00:00:00'),
(226, 'Rizki Adiputra Bin Sunar', 5, 'Pencurian', 'Eny Mindayani', 'Asimilasi di rumah dan CB', '2021-02-22', 226, '2021-02-25', 'Diproses', '', '0000-00-00 00:00:00', '0000-00-00 00:00:00'),
(227, 'Dana Priya Dewangga', 5, 'Pencurian', 'Gatot B', 'Asimilasi di rumah dan CB', '2021-02-22', 227, '2021-02-25', 'Diproses', '', '0000-00-00 00:00:00', '0000-00-00 00:00:00'),
(228, 'Marlan Bin Sukiman', 5, 'Pencurian', 'Hartatik', 'PB', '2021-02-22', 228, '2021-03-01', 'Diproses', 'MARET', '0000-00-00 00:00:00', '0000-00-00 00:00:00'),
(229, 'M.Hanan Mustajab', 29, 'Kesehatan/196', 'Widodo', 'Asimilasi di rumah dan CB', '2021-02-22', 229, '2021-02-25', 'Diproses', '', '0000-00-00 00:00:00', '0000-00-00 00:00:00'),
(230, 'Kusdianto bin Karijo', 29, 'Pencurian/363', 'Nodya', 'CB', '2021-02-22', 230, '2021-02-25', 'Diproses', '', '0000-00-00 00:00:00', '0000-00-00 00:00:00'),
(231, 'Arkan Maulana Hernanda Putra ', 30, 'Pencurian/362', 'Marinda', 'Diversi', '2021-02-16', 231, '2021-02-17', 'Diproses', 'AKOT', '0000-00-00 00:00:00', '0000-00-00 00:00:00'),
(232, 'Shelfi Widya Saputri bin Imam Choderi', 11, 'Lakalantas/310 (4)', 'Agung W', 'Diversi', '2021-02-23', 232, '2021-02-24', 'Diproses', 'AKOT', '0000-00-00 00:00:00', '0000-00-00 00:00:00'),
(233, 'Moch Abdulloh Bin Fadil', 3, 'Pencurian', 'Eny Mindayani', 'CB', '2021-02-18', 233, '2021-03-04', 'Diproses', '', '0000-00-00 00:00:00', '0000-00-00 00:00:00'),
(234, 'Moch Suep Bin Soepii', 3, 'Pencurian', 'Gatot B', 'CB', '2021-02-18', 234, '2021-03-04', 'Diproses', '', '0000-00-00 00:00:00', '0000-00-00 00:00:00'),
(235, 'Andriyanto Bin Sadi Ashari', 3, 'Narkotika', 'Marinda', 'PB dan Asimilasi', '2021-02-18', 235, '2021-03-01', 'Diproses', '', '0000-00-00 00:00:00', '0000-00-00 00:00:00'),
(236, 'Slamet Arifin Bin Kusnan', 3, 'PA/82', 'Tri Lestari', 'PB', '2021-02-18', 236, '2021-03-01', 'Diproses', '', '0000-00-00 00:00:00', '0000-00-00 00:00:00'),
(237, 'Yuli Purnomo Bin Mat Bai', 3, 'Narkotika', 'Ninik Lestari', 'PB', '2021-02-18', 237, '2021-03-04', 'Diproses', '', '0000-00-00 00:00:00', '0000-00-00 00:00:00'),
(238, 'Ali Susanta Bin Tukirin', 3, 'Pencurian', 'Hartatik', 'PB', '2021-02-18', 238, '2021-03-04', 'Diproses', '', '0000-00-00 00:00:00', '0000-00-00 00:00:00'),
(239, 'Desi Prakoso Bin Sampirno', 3, 'Narkotika', 'Yudha Mei S', 'PB', '2021-02-18', 239, '2021-03-04', 'Diproses', '', '0000-00-00 00:00:00', '0000-00-00 00:00:00'),
(240, 'Heny Tri Astuti Bin Harsono', 70, 'Penipuan', 'Nodya Wuri', 'CB disertai Assesmen Tingkat Resiko', '2021-02-24', 240, '2021-03-04', 'Diproses', 'Mar-21', '0000-00-00 00:00:00', '0000-00-00 00:00:00'),
(241, 'Iwan Prasetyanto Bin Sugiyanto', 3, 'Perjudian', 'Heri Ardianto', 'Asimilasi di rumah & CB', '2021-02-24', 241, '2021-03-04', 'Diproses', '', '0000-00-00 00:00:00', '0000-00-00 00:00:00'),
(242, 'Tri Wahyuni Binti Sukiran', 3, 'Penganiayaan', 'Eny Mindayani', 'Asimilasi di rumah', '2021-02-24', 242, '2021-03-04', 'Diproses', '', '0000-00-00 00:00:00', '0000-00-00 00:00:00'),
(243, 'Danang Eka Saputra', 31, 'Narkotika 127', 'Yurika Oceane', 'Asimilasi di rumah & CB', '2021-02-26', 243, '2021-03-08', 'Diproses', '', '0000-00-00 00:00:00', '0000-00-00 00:00:00'),
(244, 'Heagel Bagus Nicholas Saputra', 17, 'Lakalantas/310(4)', 'Tri Lestari', 'Diversi', '2021-03-01', 244, '2021-03-02', 'Diproses', 'AKOT', '0000-00-00 00:00:00', '0000-00-00 00:00:00'),
(245, 'Agus Dian Saputra', 31, 'Narkotika/114', 'Mirna Fitri Nur C.', 'PB', '2020-12-10', 245, '2021-03-08', 'Diproses', '', '0000-00-00 00:00:00', '0000-00-00 00:00:00'),
(246, 'Arinda Okta Safira', 33, 'PA/Pasal 77B', 'Sri Utami', 'Diversi', '2021-03-04', 246, '2021-03-04', 'Diproses', 'AKOT', '0000-00-00 00:00:00', '0000-00-00 00:00:00'),
(247, 'Santi Prasetya', 13, 'Pencurian/362KUHP', 'Mirna Fitri', 'Diversi', '2021-03-05', 247, '2021-03-08', 'Diproses', '', '0000-00-00 00:00:00', '0000-00-00 00:00:00'),
(248, 'Rusmadi Als Menjeng Bin Mislan', 14, 'Perjudian/303', 'Hartatik', 'Asimilasi di rumah & CB', '2021-03-02', 248, '2021-03-15', 'Diproses', '', '0000-00-00 00:00:00', '0000-00-00 00:00:00'),
(249, 'Yayan Pramudya Bin Winarno', 14, 'Kesehatan/196', 'Agung Witjaksono', 'Asimilasi di rumah & CB', '2021-03-02', 249, '2021-03-15', 'Diproses', '', '0000-00-00 00:00:00', '0000-00-00 00:00:00'),
(250, 'Sujadi Bin Kasni', 14, 'Pembalakan Liar', 'Ibnu Syukur', 'Asimilasi di rumah & CB', '2021-03-02', 250, '2021-03-15', 'Diproses', '', '0000-00-00 00:00:00', '0000-00-00 00:00:00'),
(251, 'Arif Mutaqin Als Arif Bin Poniran', 34, 'Narkotika/112', 'Widodo', 'Asimilasi di rumah & CB', '2021-02-09', 251, '2021-03-15', 'Diproses', '', '0000-00-00 00:00:00', '0000-00-00 00:00:00'),
(252, 'Wahyu Rahma Pramudita', 28, 'Pencurian/362KUHP', 'Nodya Wuri', 'Sidang', '2021-02-08', 252, '2021-03-09', 'Diproses', '29', '0000-00-00 00:00:00', '0000-00-00 00:00:00'),
(253, 'Nur Hendra Bin Maryono', 35, '', 'Sri Endang Lestari', '', '2021-03-03', 253, '2021-03-15', 'Diproses', '', '0000-00-00 00:00:00', '0000-00-00 00:00:00'),
(254, 'Tius Udiarto Bin Ahmad Suudi', 3, 'Lakalantas/310', 'Gatot Budiarso', 'Asimilasi di rumah & CB', '2021-03-09', 254, '2021-03-15', 'Diproses', '', '0000-00-00 00:00:00', '0000-00-00 00:00:00'),
(255, 'Andi Ruslani Bin Ruslan (Alm)', 3, 'Penipuan/378 KUHP', 'Sri Utami', 'Asimilasi di rumah & CB', '2021-03-09', 255, '2021-03-15', 'Diproses', '', '0000-00-00 00:00:00', '0000-00-00 00:00:00'),
(256, 'Bagus Taufan Subchi Bin Sugiyono', 3, 'Narkotika/127', 'Sudiro', 'Asimilasi di rumah & CB', '2021-03-09', 256, '2021-03-15', 'Diproses', '', '0000-00-00 00:00:00', '0000-00-00 00:00:00'),
(257, 'Lingga Gigih Prakoso Bin Matali', 3, 'Penganiayaan/170 KUHP', 'Budi Prasodjo', 'Asimilasi di rumah & CB', '2021-03-09', 257, '2021-03-15', 'Diproses', '', '0000-00-00 00:00:00', '0000-00-00 00:00:00'),
(258, 'M. Hendrik Setiawan Bin Deni Lukito', 3, 'Penganiayaan/170 KUHP', 'Eny Mindayani', 'Asimilasi di rumah & CB', '2021-03-09', 258, '2021-03-15', 'Diproses', '', '0000-00-00 00:00:00', '0000-00-00 00:00:00'),
(259, 'Titan Sunari Yahya Bin Gino', 3, 'Kesehatan/197', 'Sukarman', 'Asimilasi di rumah & CB', '2021-03-09', 259, '2021-03-15', 'Diproses', '', '0000-00-00 00:00:00', '0000-00-00 00:00:00'),
(260, 'Agung Wijanarko Bin Tarmudji', 3, 'Penggelapan/374', 'Budi Prasodjo', 'Asimilasi di rumah & CB', '2021-03-09', 260, '2021-03-15', 'Diproses', '', '0000-00-00 00:00:00', '0000-00-00 00:00:00'),
(261, 'Alfino Satya D. Bin Sugianto', 3, 'Penggelapan/372', 'Maji Harwanto', 'Asimilasi di rumah & CB', '2021-03-09', 261, '2021-03-15', 'Diproses', '', '0000-00-00 00:00:00', '0000-00-00 00:00:00'),
(262, 'Dedy Heriyanto Bin Murahaman', 3, 'Penggelapan/372', 'Tri Lestari', 'Asimilasi di rumah & CB', '2021-03-09', 262, '2021-03-15', 'Diproses', '', '0000-00-00 00:00:00', '0000-00-00 00:00:00'),
(263, 'Darmono Bin Atmo Sedono', 3, 'Lakalantas/310', 'Gatot Budiarso', 'Asimilasi di rumah & CB', '2021-03-09', 263, '2021-03-15', 'Diproses', '', '0000-00-00 00:00:00', '0000-00-00 00:00:00'),
(264, 'Supriyanto Bin Purwadi (Alm)', 3, 'Perjudian/303', 'Supeni', 'Asimilasi di rumah & CB', '2021-03-09', 264, '2021-03-15', 'Diproses', '', '0000-00-00 00:00:00', '0000-00-00 00:00:00'),
(265, 'Rovi Eko Prayogo Bin Harjito Suminto', 3, 'Penggelapan/374', 'Nining S.', 'Asimilasi di rumah & CB', '2021-03-09', 265, '2021-03-15', 'Diproses', '', '0000-00-00 00:00:00', '0000-00-00 00:00:00'),
(266, 'Dwi Heru Setyawan Bin Sarpin', 3, 'Lakalantas/310', 'Hartatik', 'Asimilasi di rumah & CB', '2021-03-09', 266, '2021-03-15', 'Diproses', '', '0000-00-00 00:00:00', '0000-00-00 00:00:00'),
(267, 'Orland Nurmansyah Bin Sumarlan', 3, 'Lakalantas/310', 'Eny Mindayani', 'Asimilasi di rumah & CB', '2021-03-09', 267, '2021-03-15', 'Diproses', '', '0000-00-00 00:00:00', '0000-00-00 00:00:00'),
(268, 'Noto Bin Karni', 14, 'Perjudian/303', 'Maji Harwanto', 'Asimilasi di rumah & CB', '2021-03-08', 268, '2021-03-15', 'Diproses', '', '0000-00-00 00:00:00', '0000-00-00 00:00:00'),
(269, 'Ali Santoso Bin Pardi', 14, 'ITE/45 UURI 19/2016', 'Sugeng Larianto', 'Asimilasi di rumah & CB', '2021-03-08', 269, '2021-03-15', 'Diproses', '', '0000-00-00 00:00:00', '0000-00-00 00:00:00'),
(270, 'Agus Pamungkas Bin Sumadi', 14, 'Perjudian/303', 'Mirna Fitri', 'Asimilasi di rumah & CB', '2021-03-08', 270, '2021-03-15', 'Diproses', '', '0000-00-00 00:00:00', '0000-00-00 00:00:00'),
(271, 'Ajeng Ika Susanti Binti Mulyono', 14, 'Pencurian/362', 'Gatot B.', 'Asimilasi di rumah & CB', '2021-03-08', 271, '2021-03-15', 'Diproses', '', '0000-00-00 00:00:00', '0000-00-00 00:00:00'),
(272, 'Supriyono Bin Supardi', 14, 'Perjudian/303', 'Nining S.', 'Asimilasi di rumah & CB', '2021-03-08', 272, '2021-03-15', 'Diproses', '', '0000-00-00 00:00:00', '0000-00-00 00:00:00'),
(273, 'Alif Nur Riski Bin Wiyono', 14, 'Kesehatan/196', 'Ninik Lestari', 'Asimilasi di rumah & CB', '2021-03-08', 273, '2021-03-15', 'Diproses', '', '0000-00-00 00:00:00', '0000-00-00 00:00:00'),
(274, 'Samuji Bin Salam', 14, 'Perjudian/303', 'Nining S.', 'Asimilasi di rumah & CB', '2021-03-08', 274, '2021-03-15', 'Diproses', '', '0000-00-00 00:00:00', '0000-00-00 00:00:00'),
(275, 'Jumadi Bin Sodikromo', 14, 'Penghinaan/310 KUHP', 'Hartatik', 'Asimilasi di rumah', '2021-03-08', 275, '2021-03-15', 'Diproses', '', '0000-00-00 00:00:00', '0000-00-00 00:00:00'),
(276, 'Subandi Sastro Redjo', 8, 'Narkotika/112', 'Marinda P.', 'PB (PP99)', '2021-01-22', 276, '2021-03-29', 'Diproses', '', '0000-00-00 00:00:00', '0000-00-00 00:00:00'),
(277, 'Slamet Riyadi Bin Rodek (Alm)', 36, 'Pencurian', 'Eny Mindayani', 'Asimilasi di Rumah & PB', '2021-03-04', 277, '2021-03-29', 'Diproses', '', '0000-00-00 00:00:00', '0000-00-00 00:00:00'),
(278, 'Hariyadi Bin Tukimun', 2, 'Perjudian/303', 'Widodo', 'Asimilasi di Rumah & CB', '2021-03-02', 278, '2021-03-29', 'Diproses', '', '0000-00-00 00:00:00', '0000-00-00 00:00:00'),
(279, 'Nanang Nurdiansah Bin Suparno', 2, 'Perjudian/303', 'Hartatik', 'Asimilasi di Rumah & CB', '2021-03-02', 279, '2021-03-29', 'Diproses', '', '0000-00-00 00:00:00', '0000-00-00 00:00:00'),
(280, 'Rudy Baskara Bin Harianto', 2, 'Perjudian/303', 'Heri Ardianto', 'Asimilasi di Rumah & CB', '2021-03-02', 280, '2021-03-29', 'Diproses', '', '0000-00-00 00:00:00', '0000-00-00 00:00:00'),
(281, 'Muhmmad Shima Dani Musyafa', 70, 'PA/81', 'Ninik Lestari', 'CB Anak', '2021-03-02', 281, '2021-03-29', 'Diproses', 'BKA', '0000-00-00 00:00:00', '0000-00-00 00:00:00'),
(282, 'Jarwo Bin (Alm) Giyanto', 5, 'Perjudian/303', 'Sri Endang', 'Asimilasi di rumah & CB', '2021-03-10', 282, '2021-03-18', 'Diproses', '', '0000-00-00 00:00:00', '0000-00-00 00:00:00'),
(283, 'Vickiar Yogi Pamungkas Bin Suherman', 14, 'PA/81', 'Nodya Wuri', 'PB  ', '2021-01-06', 283, '2021-03-29', 'Diproses', '', '0000-00-00 00:00:00', '0000-00-00 00:00:00'),
(284, 'Abdul Lais Bin Sulaiman', 14, 'Narkotika/112', 'Nurul Akmalah', 'PB dan Asimilasi (PP 99)', '2021-01-06', 284, '2021-03-29', 'Diproses', '', '0000-00-00 00:00:00', '0000-00-00 00:00:00'),
(285, 'Syaiful Aidy Bin Moch Halil', 14, 'Korupsi', 'Ibnu Syukur', 'PB dan Asimilasi (PP 99)', '2021-01-06', 285, '2021-03-29', 'Diproses', '', '0000-00-00 00:00:00', '0000-00-00 00:00:00'),
(286, 'Mamuk Anwaryanto Bin Mubarok', 14, 'Narkotika/112', 'Yurika Oceane', 'PB dan Asimilasi (PP 99)', '2021-01-06', 286, '2021-03-29', 'Diproses', '', '0000-00-00 00:00:00', '0000-00-00 00:00:00'),
(287, 'Satya Akas Adi Yunarko', 14, 'Narkotika/112', 'Agung Witjaksono', 'PB', '2021-03-06', 287, '2021-03-22', 'Diproses', '', '0000-00-00 00:00:00', '0000-00-00 00:00:00'),
(288, 'Rudiono Bin Sumarji', 14, 'Narkotika/112', 'Sri Utami', 'PB', '2021-03-06', 288, '2021-03-22', 'Diproses', '', '0000-00-00 00:00:00', '0000-00-00 00:00:00'),
(289, 'Fathur Rokhman Als Dongkrak', 14, 'Narkotika/112', 'Widodo', 'PB', '2021-03-06', 289, '2021-03-22', 'Diproses', '', '0000-00-00 00:00:00', '0000-00-00 00:00:00'),
(290, 'Arif Hidayat Alias Arif Als Kriwul', 14, 'Perampokan/365', 'Sudiro', 'PB', '2021-03-06', 290, '2021-03-22', 'Diproses', '', '0000-00-00 00:00:00', '0000-00-00 00:00:00'),
(291, 'Much Fahim Al Mubarrok', 14, 'Narkotika/112', 'Sukarman', 'PB', '2021-03-06', 291, '2021-03-22', 'Diproses', '', '0000-00-00 00:00:00', '0000-00-00 00:00:00'),
(292, 'Robby Wijaya', 14, 'Kesehatan/197', 'Tri Lestari', 'PB', '2021-03-06', 292, '2021-03-22', 'Diproses', '', '0000-00-00 00:00:00', '0000-00-00 00:00:00');
INSERT INTO `napis` (`id`, `name`, `idJail`, `case`, `pk`, `type`, `disposition`, `number_tpp`, `date_tpp`, `status`, `description`, `created_at`, `updated_at`) VALUES
(293, 'Asmadi Bin Samad', 14, 'Desain Industri', 'Sugeng', 'PB', '2021-03-06', 293, '2021-03-29', 'Diproses', '', '0000-00-00 00:00:00', '0000-00-00 00:00:00'),
(294, 'Khoirul Anam Bin Rohmad', 14, 'Narkotika/112', 'Yudha Mei S', 'PB', '2021-03-06', 294, '2021-03-22', 'Diproses', '', '0000-00-00 00:00:00', '0000-00-00 00:00:00'),
(295, 'Mochammad Chafidzun Nafik', 14, 'Narkotika/112', 'Marinda', 'PB', '2021-03-06', 295, '2021-03-22', 'Diproses', '', '0000-00-00 00:00:00', '0000-00-00 00:00:00'),
(296, 'Erlinda Ayu Safitri', 14, 'Penipuan/378 KUHP', 'Yudha Mei S', 'PB', '2021-03-06', 296, '2021-03-22', 'Diproses', '', '0000-00-00 00:00:00', '0000-00-00 00:00:00'),
(297, 'Moh. Mansur Bin Hasan Bisri', 14, 'Pencurian/363 KUHP', 'Eny Mindayani', 'PB', '2021-03-06', 297, '2021-03-22', 'Diproses', '', '0000-00-00 00:00:00', '0000-00-00 00:00:00'),
(298, 'Fathur Rokhman Als Dongkrak', 14, 'Perampokan/365', 'Heri Ardianto', 'PB', '2021-03-06', 298, '2021-03-22', 'Diproses', '', '0000-00-00 00:00:00', '0000-00-00 00:00:00'),
(299, 'Isa Nori Syaifullah Bin Harsono', 14, 'Penggelapan/374', 'Mirna Fitri', 'PB', '2021-03-06', 299, '2021-03-22', 'Diproses', '', '0000-00-00 00:00:00', '0000-00-00 00:00:00'),
(300, 'Agus Eko Riswanto Bin Siswo', 14, 'Penipuan/378 KUHP', 'Nodya', 'PB', '2021-03-06', 300, '2021-03-22', 'Diproses', '', '0000-00-00 00:00:00', '0000-00-00 00:00:00'),
(301, 'Rudik Handoko Bin Sugeng', 1, 'Narkotika/112', 'Yurika', 'CMB', '2021-03-05', 301, '2021-03-18', 'Diproses', '', '0000-00-00 00:00:00', '0000-00-00 00:00:00'),
(302, 'Ahmad Rifai Bin Basori', 1, 'Narkotika/112', 'Nurul Akmalah', 'PB', '2021-03-05', 302, '2021-03-29', 'Diproses', '', '0000-00-00 00:00:00', '0000-00-00 00:00:00'),
(303, 'Agus Yuli Saputro', 1, 'Narkotika/114', 'Sri Endang', 'PB', '2021-03-05', 303, '2021-03-22', 'Diproses', '', '0000-00-00 00:00:00', '0000-00-00 00:00:00'),
(304, 'Pandu Sudrajat Bin Nur Budoyo', 1, 'Narkotika/112', 'Agung Witjaksono', 'PB', '2021-03-05', 304, '2021-03-22', 'Diproses', '', '0000-00-00 00:00:00', '0000-00-00 00:00:00'),
(305, 'Sendik Oktaviyanto Bin Minto', 1, 'Narkotika/112', 'Sri Utami', 'PB', '2021-03-05', 305, '2021-03-22', 'Diproses', '', '0000-00-00 00:00:00', '0000-00-00 00:00:00'),
(306, 'Jordan Efendi Bin Sudarmaji', 1, 'Narkotika/114', 'Sri Endang', 'PB & Asimilasi (PP 99)', '2021-03-05', 306, '2021-03-29', 'Diproses', '', '0000-00-00 00:00:00', '0000-00-00 00:00:00'),
(307, 'Moch Amtali Rosul', 1, 'Narkotika/112', 'Widodo', 'PB & Asimilasi (PP 99)', '2021-03-05', 307, '2021-03-29', 'Diproses', '', '0000-00-00 00:00:00', '0000-00-00 00:00:00'),
(308, 'Yuddo Jadmiko Bin Heru', 1, 'Narkotika/112', 'Sudiro', 'PB', '2021-03-05', 308, '2021-03-22', 'Diproses', '', '0000-00-00 00:00:00', '0000-00-00 00:00:00'),
(309, 'Suwanto Bin Slamet Efendi', 1, 'Narkotika/114', 'Sukarman', 'PB & Asimilasi (PP 99)', '2021-03-05', 309, '2021-03-29', 'Diproses', '', '0000-00-00 00:00:00', '0000-00-00 00:00:00'),
(310, 'Arwin Tri Suryanto Bin Untung', 1, 'Narkotika/114', 'Maji', 'PB & Asimilasi (PP 99)', '2021-03-05', 310, '2021-03-29', 'Diproses', '', '0000-00-00 00:00:00', '0000-00-00 00:00:00'),
(311, 'Erwin Wijaya Bin Santoso', 1, 'Narkotika/112', 'Budi', 'PB & Asimilasi (PP 99)', '2021-03-05', 311, '2021-03-29', 'Diproses', '', '0000-00-00 00:00:00', '0000-00-00 00:00:00'),
(312, 'Muhammad Isrofil Bin Suyono', 1, 'Perampokan/365', 'Nining S', 'PB', '2021-03-05', 312, '2021-03-22', 'Diproses', '', '0000-00-00 00:00:00', '0000-00-00 00:00:00'),
(313, 'Roni Agung Saputro', 1, 'PA/81', 'Tri Lestari', 'PB', '2021-03-05', 313, '2021-03-22', 'Diproses', '', '0000-00-00 00:00:00', '0000-00-00 00:00:00'),
(314, 'Ardian Yance Altagradian', 1, 'Narkotika/114', 'Ninik Lestari', 'PB & Asimilasi (PP 99)', '2021-03-05', 314, '2021-03-29', 'Diproses', '', '0000-00-00 00:00:00', '0000-00-00 00:00:00'),
(315, 'Budi Syahroni', 1, 'Narkotika/112', 'Marinda', 'PB & Asimilasi (PP 99)', '2021-03-05', 315, '2021-03-29', 'Diproses', '', '0000-00-00 00:00:00', '0000-00-00 00:00:00'),
(316, 'David Hanif Lazuardi Bin Sukazin', 1, 'Narkotika/112', 'Ninik Lestari', 'PB', '2021-03-05', 316, '2021-03-22', 'Diproses', '', '0000-00-00 00:00:00', '0000-00-00 00:00:00'),
(317, 'Rohim Bin Taselan', 1, 'Narkotika/112', 'Heri Ardianto', 'PB', '2021-03-05', 317, '2021-03-22', 'Diproses', '', '0000-00-00 00:00:00', '0000-00-00 00:00:00'),
(318, 'Tery Lukito', 1, 'Narkotika/112', 'Nodya Wuri', 'PB & Asimilasi (PP 99)', '2021-03-05', 318, '2021-03-29', 'Diproses', '', '0000-00-00 00:00:00', '0000-00-00 00:00:00'),
(319, 'Eko Purwanto Bin Kaeran', 34, 'Pencurian/362', 'Hartatik', 'CB', '2021-03-10', 319, '2021-03-18', 'Diproses', '', '0000-00-00 00:00:00', '0000-00-00 00:00:00'),
(320, 'Fahmi Shauqoni Rezeki Bin Suroto', 37, 'Pencurian/ 362', 'Sukarman', 'Diversi', '2021-03-11', 320, '2021-03-17', 'Diproses', 'AKOT', '0000-00-00 00:00:00', '0000-00-00 00:00:00'),
(321, 'Heri Iwantoro Als KM Bin Muniman', 4, 'Narkotika/112', 'Erlyn W', 'Pembinaan Awal', '2021-03-17', 321, '2021-03-25', 'Diproses', '', '0000-00-00 00:00:00', '0000-00-00 00:00:00'),
(322, 'Rico Mahardika Putra Pratama', 4, 'Narkotika/112', 'Erlyn W', 'Pembinaan Awal', '2021-03-17', 322, '2021-03-25', 'Diproses', '', '0000-00-00 00:00:00', '0000-00-00 00:00:00'),
(323, 'Jevian Andika Wardana', 2, 'PA/80', 'Nurul Akmalah', 'Cuti Bersyarat', '2021-03-18', 323, '2021-03-25', 'Diproses', '', '0000-00-00 00:00:00', '0000-00-00 00:00:00'),
(324, 'Andi Aristan Bin (Alm) Suradi', 5, 'Pencurian/363 KUHP', 'Gatot', 'PB', '2021-03-17', 324, '2021-03-25', 'Diproses', '', '0000-00-00 00:00:00', '0000-00-00 00:00:00'),
(325, 'Mohammad Rizal Bin Parman', 2, 'ITE/45 UURI 19/2016', 'Ibnu Syukur', 'Asimilasi di rumah dan CB', '2021-03-18', 325, '2021-03-25', 'Diproses', '', '0000-00-00 00:00:00', '0000-00-00 00:00:00'),
(326, 'Sugiarto Bin Suyono', 2, 'Penganiayaan/170 KUHP', 'Yurika Oceane', 'Asimilasi di rumah dan CB', '2021-03-18', 326, '2021-03-25', 'Diproses', '', '0000-00-00 00:00:00', '0000-00-00 00:00:00'),
(327, 'Iwan Iswanto Bin Nyamiran', 2, 'Lakalantas/310', 'Eny Mindayani', 'Asimilasi di rumah dan CB', '2021-03-18', 327, '2021-03-25', 'Diproses', '', '0000-00-00 00:00:00', '0000-00-00 00:00:00'),
(328, 'Irfan Kurniadi Bin M Zainuri', 2, 'Kesehatan/196', 'Agung Witjaksono', 'Asimilasi di rumah dan CB', '2021-03-18', 328, '2021-03-25', 'Diproses', '', '0000-00-00 00:00:00', '0000-00-00 00:00:00'),
(329, 'Cahya Luhur Wicaksono', 2, 'Kesehatan/196', 'Sri Endang', 'Asimilasi di rumah dan CB', '2021-03-18', 329, '2021-03-25', 'Diproses', '', '0000-00-00 00:00:00', '0000-00-00 00:00:00'),
(330, 'Andika Kristanto Bin Misni', 2, 'Kesehatan/196', 'Widodo', 'Asimilasi di rumah dan CB', '2021-03-18', 330, '2021-03-25', 'Diproses', '', '0000-00-00 00:00:00', '0000-00-00 00:00:00'),
(331, 'Andra Niko Ariyan ', 38, 'Pengeroyokan/ 170', 'Yurika', 'Diversi', '2021-03-18', 331, '2021-03-22', 'Diproses', 'AKOT', '0000-00-00 00:00:00', '0000-00-00 00:00:00'),
(332, 'Damas Samboja Putra Bin Mashadi', 39, 'Pencurian & Penipuan', 'Heri Ardianto', 'PB', '2021-12-08', 332, '2021-03-25', 'Diproses', '', '0000-00-00 00:00:00', '0000-00-00 00:00:00'),
(333, 'Wawan Dwi Cahyono Bin Sujarwo', 45, 'Kesehatan/ 196', 'Budi Prasodjo', 'Sidang', '2021-03-24', 333, '2021-03-29', 'Diproses', '', '0000-00-00 00:00:00', '0000-00-00 00:00:00'),
(334, 'Rivaldo Akbar Hasbiyallah Bin Heri Gunardi', 40, 'Pencurian/362', 'Nurul Akmalah', 'Diversi', '2021-03-24', 334, '2021-03-29', 'Diproses', 'AKOT', '0000-00-00 00:00:00', '0000-00-00 00:00:00'),
(335, 'Muhammad Malik Abdul Aziz Bin Eko Budi Suhartono', 40, 'Pencurian/362', 'Maji Harwanto', 'Diversi', '2021-03-24', 335, '2021-03-29', 'Diproses', 'AKOT', '0000-00-00 00:00:00', '0000-00-00 00:00:00'),
(336, 'Junaedi Bin Sujono', 5, 'Penadahan/480 KUHP', 'Supeni', 'Asimilasi di rumah dan CB', '2021-03-10', 336, '2021-03-25', 'Diproses', '', '0000-00-00 00:00:00', '0000-00-00 00:00:00'),
(337, 'Choiri Bin Parni', 3, 'Pencurian/362 KUHP', 'Eny Mindayani', 'Curi Bersyarat', '2021-03-19', 337, '2021-03-29', 'Diproses', '', '0000-00-00 00:00:00', '0000-00-00 00:00:00'),
(338, 'Eldo Edwil Prendy Oktavian', 3, 'Ketertiban/170 KUHP', 'Hartatik', 'Asimilasi di rumah dan CB', '2021-03-17', 338, '2021-03-29', 'Diproses', '', '0000-00-00 00:00:00', '0000-00-00 00:00:00'),
(339, 'Yuli Prasetyo Bin Supadi', 3, 'Pencurian/362 KUHP', 'Gatot B.', 'Asimilasi di rumah dan CB', '2021-03-17', 339, '2021-03-29', 'Diproses', '', '0000-00-00 00:00:00', '0000-00-00 00:00:00'),
(340, 'Nur Mahmud Bin Moh. Jarkasi (Alm)', 3, 'Perjudian/303 KUHP', 'Supeni', 'Asimilasi di rumah', '2021-03-17', 340, '2021-03-29', 'Diproses', '', '0000-00-00 00:00:00', '0000-00-00 00:00:00'),
(341, 'Indrit Selri Mardian Bin Selamet Riyadi', 3, 'Kesusilaan/296 KUHP', 'Sukarman', 'Asimilasi di rumah', '2021-03-17', 341, '2021-03-29', 'Diproses', '', '0000-00-00 00:00:00', '0000-00-00 00:00:00'),
(342, 'Briyan Yunar Permana Bin Sunarto', 3, 'Narkotika/114', 'Budi Prasodjo', 'PB dan Asimilasi (PP 99)', '2021-03-18', 342, '2021-04-01', 'Diproses', '', '0000-00-00 00:00:00', '0000-00-00 00:00:00'),
(343, 'Wahyu Laksono Bin Andri Solikin (Alm)', 3, 'Narkotika/112', 'Maji Harwanto', 'PB dan Asimilasi (PP 99)', '2021-03-18', 343, '2021-04-01', 'Diproses', '', '0000-00-00 00:00:00', '0000-00-00 00:00:00'),
(344, 'Aris Kurniawan Bin Adi Setyo', 3, 'Narkotika/114', 'Tri Lestari', 'PB dan Asimilasi (PP 99)', '2021-03-18', 344, '2021-04-01', 'Diproses', '', '0000-00-00 00:00:00', '0000-00-00 00:00:00'),
(345, 'Riyan Sumbodo Bin Sarno', 3, 'Narkotika/112', 'Nining S.', 'PB dan Asimilasi (PP 99)', '2021-03-18', 345, '2021-04-01', 'Diproses', '', '0000-00-00 00:00:00', '0000-00-00 00:00:00'),
(346, 'Agus Darwanto Bin Budianto (Alm)', 3, 'Narkotika/112', 'Marinda P.', 'PB dan Asimilasi (PP 99)', '2021-03-18', 346, '2021-04-01', 'Diproses', '', '0000-00-00 00:00:00', '0000-00-00 00:00:00'),
(347, 'Ryan Irwandi Bin Misenan', 3, 'Narkotika/114', 'Yudha Mei S', 'PB dan Asimilasi (PP 99)', '2021-03-18', 347, '2021-04-01', 'Diproses', '', '0000-00-00 00:00:00', '0000-00-00 00:00:00'),
(348, 'Agus Widianto Bin Soewadi', 3, 'Narkotika/112', 'Ninik Lestari', 'PB dan Asimilasi (PP 99)', '2021-03-18', 348, '2021-04-01', 'Diproses', '', '0000-00-00 00:00:00', '0000-00-00 00:00:00'),
(349, 'Jauhan Ardiansyah Bin Ilham Yuwono', 41, 'Pencurian/ 362 KUHP', 'Nining', 'Diversi', '2021-03-26', 349, '2021-04-01', 'Diproses', 'AKOT', '0000-00-00 00:00:00', '0000-00-00 00:00:00'),
(350, 'Stivano Radhitya Bin Sarno', 42, '', 'Marinda ', 'Pengambilan Keputusan anak dibawah 12 tahun', '2021-03-31', 350, '2021-04-05', 'Diproses', 'AKOT', '0000-00-00 00:00:00', '0000-00-00 00:00:00'),
(351, 'Dwy Riwayatno Bin Rianto', 3, 'Perampokan', 'Agung Witjaksono', 'CB', '2021-03-25', 351, '2021-04-08', 'Diproses', 'APRIL', '0000-00-00 00:00:00', '0000-00-00 00:00:00'),
(352, 'Nur Wahyudi Susilo', 3, 'Penganiayaan', 'Eny Mindayani', 'CB', '2021-03-25', 352, '2021-04-08', 'Diproses', '', '0000-00-00 00:00:00', '0000-00-00 00:00:00'),
(353, 'M.Alfan Bin Jakfar', 3, 'Narkotika/114', 'Maji Harwanto', 'PB & Asimilasi (PP 99)', '2021-03-25', 353, '2021-04-12', 'Diproses', 'Wajib TPP', '0000-00-00 00:00:00', '0000-00-00 00:00:00'),
(354, 'Manto Als Bindeng Bin Broto', 3, 'Narkotika/114', 'Sukarman', 'PB & Asimilasi (PP 99)', '2021-03-25', 354, '2021-04-12', 'Diproses', 'Wajib TPP', '0000-00-00 00:00:00', '0000-00-00 00:00:00'),
(355, 'Rahmad Khadafi Bin Sodiq', 3, 'Narkotika/112', 'Budi Prasodjo', 'PB & Asimilasi (PP 99)', '2021-03-25', 355, '2021-04-12', 'Diproses', 'Wajib TPP', '0000-00-00 00:00:00', '0000-00-00 00:00:00'),
(356, 'Alvin Yan Franata Junaidi Bin Imam', 3, 'Narkotika/114', 'Tri Lestari', 'PB & Asimilasi (PP 99)', '2021-03-25', 356, '2021-04-12', 'Diproses', 'Wajib TPP', '0000-00-00 00:00:00', '0000-00-00 00:00:00'),
(357, 'Agus Basuki Bin Kasio', 3, 'Pembunuhan', 'Sudiro', 'Perubahan Pidana', '2021-03-25', 357, '2021-04-12', 'Diproses', 'Wajib TPP', '0000-00-00 00:00:00', '0000-00-00 00:00:00'),
(358, 'Abd. Jamal Bin Moh Hafid', 3, 'Lakalantas', 'Hartatik', 'Asimilasi di rumah & CB', '2021-03-25', 358, '2021-04-08', 'Diproses', '', '0000-00-00 00:00:00', '0000-00-00 00:00:00'),
(359, 'Hanif Bagas Prasetyo', 3, 'Narkotika/127', 'Gatot Budiarso', 'Asimilasi di rumah & CB', '2021-03-25', 359, '2021-04-08', 'Diproses', '', '0000-00-00 00:00:00', '0000-00-00 00:00:00'),
(360, 'Ahmad Setiawan Bin Mustakim', 3, 'Penggelapan', 'Ninik Lestari', 'Asimilasi di rumah & CB', '2021-03-25', 360, '2021-04-08', 'Diproses', '', '0000-00-00 00:00:00', '0000-00-00 00:00:00'),
(361, 'Wigig Priyo Darmono', 3, 'PA/81', 'Nining Sulistyowati', 'PB', '2021-03-25', 361, '2021-04-08', 'Diproses', '', '0000-00-00 00:00:00', '0000-00-00 00:00:00'),
(362, 'Dwi Agung Priyono', 3, 'PA/81', 'Marinda', 'PB', '2021-03-25', 362, '2021-04-08', 'Diproses', '', '0000-00-00 00:00:00', '0000-00-00 00:00:00'),
(363, 'Rudy Hartono Bin Suharsono', 3, 'Narkotika/127', 'Sukarman', 'PB', '2021-03-25', 363, '2021-04-08', 'Diproses', '', '0000-00-00 00:00:00', '0000-00-00 00:00:00'),
(364, 'Emy Hariono Bin Kustadi', 5, 'Korupsi', 'Sugeng Larianto', 'CB', '2021-03-26', 364, '2021-04-12', 'Diproses', 'Wajib TPP', '0000-00-00 00:00:00', '0000-00-00 00:00:00'),
(365, 'Adi Supriyanto Bin Sujimin', 5, 'Pencurian', 'Eny Mindayani', 'PB', '2021-03-26', 365, '2021-04-08', 'Diproses', '', '0000-00-00 00:00:00', '0000-00-00 00:00:00'),
(366, 'Novi Eko Mulyawan', 5, 'Penganiayaan', 'Hartatik', 'Asimilasi di Rumah & CB', '2021-03-26', 366, '2021-04-08', 'Diproses', '', '0000-00-00 00:00:00', '0000-00-00 00:00:00'),
(367, 'Nengah Agung Reshiyani', 5, 'Penggelapan', 'Agung Witjaksono', 'PB', '2021-03-26', 367, '2021-04-08', 'Diproses', '', '0000-00-00 00:00:00', '0000-00-00 00:00:00'),
(368, 'Mohammad Arul Rifai Bin Samsul', 5, 'Kesehatan', 'Maji Harwanto', 'Asimilasi di rumah & CB', '2021-03-26', 368, '2021-04-08', 'Diproses', '', '0000-00-00 00:00:00', '0000-00-00 00:00:00'),
(369, 'Suroto Bin Alm Kasiman', 5, 'Perjudian', 'Supeni', 'Asimilasi di rumah & CB', '2021-03-26', 369, '2021-04-08', 'Diproses', '', '0000-00-00 00:00:00', '0000-00-00 00:00:00'),
(370, 'Muktiyason Bin Alm Suparman', 5, 'Pencurian', 'Gatot Budiarso', 'PB', '2021-03-26', 370, '2021-04-08', 'Diproses', '', '0000-00-00 00:00:00', '0000-00-00 00:00:00'),
(371, 'Sunardi Bin Somobendil', 14, 'Pencurian', 'Eny Mindayani', 'Asimilasi di rumah', '2021-03-30', 371, '2021-04-08', 'Diproses', '', '0000-00-00 00:00:00', '0000-00-00 00:00:00'),
(372, 'Rico Friyansyah Bin Mukayat', 14, 'Perjudian', 'Supriyadi', 'Asimilasi di rumah dan CB', '2021-03-30', 372, '2021-04-08', 'Diproses', '', '0000-00-00 00:00:00', '0000-00-00 00:00:00'),
(373, 'Wahyu Utomo Bin Sinarta', 14, 'Kesehatan', 'Budi Prasodjo', 'Asimilasi di rumah dan CB', '2021-03-30', 373, '2021-04-08', 'Diproses', '', '0000-00-00 00:00:00', '0000-00-00 00:00:00'),
(374, 'Muhammad Ilham Saputra Bin Slamet Riadi', 11, 'Kesehatan', 'Sri Endang', 'Sidang', '2021-04-03', 374, '2021-04-08', 'Diproses', '29', '0000-00-00 00:00:00', '0000-00-00 00:00:00'),
(375, 'Dwi Yulyanto Bin Boirin', 2, 'Perjudian/303', 'Supeni', 'Asimilasi di rumah dan CB', '2021-04-07', 375, '2021-04-15', 'Diproses', '', '0000-00-00 00:00:00', '0000-00-00 00:00:00'),
(376, 'Ahmad Khoirudin Bin Kademo', 2, 'Perjudian/303', 'Supriyadi', 'Asimilasi di rumah dan CB', '2021-04-07', 376, '2021-04-15', 'Diproses', '', '0000-00-00 00:00:00', '0000-00-00 00:00:00'),
(377, 'Inung Yunkrisa Bin Edi Sunarto', 2, 'Perjudian/303', 'Supeni', 'Asimilasi di rumah dan CB', '2021-04-07', 377, '2021-04-15', 'Diproses', '', '0000-00-00 00:00:00', '0000-00-00 00:00:00'),
(378, 'Syaiful Mukminin Bin Jarno', 2, 'Perjudian/303', 'Supriyadi', 'Asimilasi di rumah dan CB', '2021-04-07', 378, '2021-04-15', 'Diproses', '', '0000-00-00 00:00:00', '0000-00-00 00:00:00'),
(379, 'Tumiran Bin Dikun', 2, 'Penganiayaan/351', 'Hartatik', 'Asimilasi di rumah dan CB', '2021-04-07', 379, '2021-04-15', 'Diproses', '', '0000-00-00 00:00:00', '0000-00-00 00:00:00'),
(380, 'Rico Tejo Prasetyo Bin Hariyono', 2, 'Lakalantas/310', 'Gatot Budiarso', 'Asimilasi di rumah dan CB', '2021-04-07', 380, '2021-04-15', 'Diproses', '', '0000-00-00 00:00:00', '0000-00-00 00:00:00'),
(381, 'Arip Cahyono Bin Soimin', 2, 'Pencurian', 'Eny Mindayani', 'Cuti Bersyarat', '2021-04-07', 381, '2021-04-15', 'Diproses', '', '0000-00-00 00:00:00', '0000-00-00 00:00:00'),
(382, 'Edi Wardoyo Bin Suparno', 2, 'Kehutanan', 'Sri Endang Lestari', 'Cuti Bersyarat', '2021-04-07', 382, '2021-04-15', 'Diproses', '', '0000-00-00 00:00:00', '0000-00-00 00:00:00'),
(383, 'Sutiono', 2, 'Kehutanan', 'Ibnu Syukur', 'Cuti Bersyarat', '2021-04-07', 383, '2021-04-15', 'Diproses', '', '0000-00-00 00:00:00', '0000-00-00 00:00:00'),
(384, 'Angga Youdhistira Bin Joko Susilo', 2, 'Narkotika', 'Tri Lestari', 'Cuti Bersyarat', '2021-04-07', 384, '2021-04-15', 'Diproses', '', '0000-00-00 00:00:00', '0000-00-00 00:00:00'),
(385, 'Adi prasetyo Bin Jumari', 43, 'Kehutanan', 'Sugeng Larianto', 'PB', '2021-03-24', 385, '2021-04-15', 'Diproses', '', '0000-00-00 00:00:00', '0000-00-00 00:00:00'),
(386, 'Suprapto Bin Sumowakimun', 43, 'Kehutanan', 'Sudiro', 'PB', '2021-03-24', 386, '2021-04-15', 'Diproses', '', '0000-00-00 00:00:00', '0000-00-00 00:00:00'),
(387, 'Kartono Bin Pardi', 43, 'Kehutanan', 'Sri Endang Lestari', 'PB', '2021-03-24', 387, '2021-04-15', 'Diproses', '', '0000-00-00 00:00:00', '0000-00-00 00:00:00'),
(388, 'Sono Bin Mat Rojan', 44, 'Kelalaian', 'Hartatik', 'Asimilasi di Rumah dan CB', '2021-04-12', 388, '2021-04-15', 'Diproses', '', '0000-00-00 00:00:00', '0000-00-00 00:00:00'),
(389, 'Samin Bin Suro Dikromo', 44, 'Kelalaian', 'Gatot Budiarso', 'Asimilasi di Rumah dan CB', '2021-04-12', 389, '2021-04-15', 'Diproses', '', '0000-00-00 00:00:00', '0000-00-00 00:00:00'),
(390, 'Ryan Dipafinanda', 28, 'Kesehatan', 'Maji', 'Sidang', '2021-04-14', 390, '2021-04-19', 'Diproses', 'Anak', '0000-00-00 00:00:00', '0000-00-00 00:00:00'),
(391, 'Feri Prasetyo Bin Bambang', 1, 'Narkotika', 'Nurul Akmalah', 'PB dan Asimilasi (PP 99)', '2021-04-14', 391, '2021-04-23', 'Diproses', '', '0000-00-00 00:00:00', '0000-00-00 00:00:00'),
(392, 'Supriyono Als. Sate Bin Samiran', 1, 'Narkotika', 'Yurika Oceane', 'PB dan Asimilasi (PP 99)', '2021-04-14', 392, '2021-04-23', 'Diproses', '', '0000-00-00 00:00:00', '0000-00-00 00:00:00'),
(393, 'Gutomo Romadona Bin Edy', 1, 'Narkotika', 'Agung Witjaksono', 'PB dan Asimilasi (PP 99)', '2021-04-14', 393, '2021-04-23', 'Diproses', '', '0000-00-00 00:00:00', '0000-00-00 00:00:00'),
(394, 'Aris Setiyawan Bin Wiyono', 1, 'Narkotika', 'Sukarman', 'PB dan Asimilasi (PP 99)', '2021-04-14', 394, '2021-04-23', 'Diproses', '', '0000-00-00 00:00:00', '0000-00-00 00:00:00'),
(395, 'Muhammad Kholid Misbakhulloh', 1, 'Narkotika', 'Budi Prasodjo', 'PB dan Asimilasi (PP 99)', '2021-04-14', 395, '2021-04-23', 'Diproses', '', '0000-00-00 00:00:00', '0000-00-00 00:00:00'),
(396, 'Sujono Bin Tompo', 1, 'Narkotika', 'Maji Harwanto', 'PB dan Asimilasi (PP 99)', '2021-04-14', 396, '2021-04-23', 'Diproses', '', '0000-00-00 00:00:00', '0000-00-00 00:00:00'),
(397, 'Mat Romli Bin Mat Rawi', 1, 'Narkotika', 'Tri Lestari', 'PB', '2021-04-14', 397, '2021-04-23', 'Diproses', '', '0000-00-00 00:00:00', '0000-00-00 00:00:00'),
(398, 'Wiwit Setiawan Bin Karlan Susantono', 1, 'Narkotika', 'Nining S', 'PB dan Asimilasi (PP 99)', '2021-04-14', 398, '2021-04-23', 'Diproses', '', '0000-00-00 00:00:00', '0000-00-00 00:00:00'),
(399, 'Heriyanto Bin Sapari', 1, 'Narkotika', 'Yurika Oceane', 'PB dan Asimilasi (PP 99)', '2021-04-14', 399, '2021-05-20', 'Diproses', '', '0000-00-00 00:00:00', '0000-00-00 00:00:00'),
(400, 'Afif Muhajirin Bin Nur Salam', 1, 'Narkotika', 'Marinda P', 'PB dan Asimilasi (PP 99)', '2021-04-14', 400, '2021-04-23', 'Diproses', '', '0000-00-00 00:00:00', '0000-00-00 00:00:00'),
(401, 'Lukman Hakim Bin Satumen', 1, 'Narkotika', 'Nurul Akmalah', 'PB dan Asimilasi (PP 99)', '2021-04-14', 401, '2021-04-23', 'Diproses', '', '0000-00-00 00:00:00', '0000-00-00 00:00:00'),
(402, 'Sugik Bin Biono', 1, 'Narkotika', 'Yurika Oceane', 'PB dan Asimilasi (PP 99)', '2021-04-14', 402, '2021-04-23', 'Diproses', '', '0000-00-00 00:00:00', '0000-00-00 00:00:00'),
(403, 'Mochammad Syufii Bin Untung S.', 1, 'Narkotika', 'Agung Witjaksono', 'PB', '2021-04-14', 403, '2021-04-23', 'Diproses', '', '0000-00-00 00:00:00', '0000-00-00 00:00:00'),
(404, 'Sanggar Guritno Bin Suyadi', 2, 'Narkotika', 'Sukarman', 'PB', '2021-04-17', 404, '2021-04-23', 'Diproses', '', '0000-00-00 00:00:00', '0000-00-00 00:00:00'),
(405, 'Fahril Amin Bin Saman', 2, 'Narkotika', 'Budi Prasodjo', 'PB', '2021-04-17', 405, '2021-04-23', 'Diproses', '', '0000-00-00 00:00:00', '0000-00-00 00:00:00'),
(406, 'Erick Satria Putra', 2, 'Narkotika', 'Maji Harwanto', 'PB', '2021-04-17', 406, '2021-04-23', 'Diproses', '', '0000-00-00 00:00:00', '0000-00-00 00:00:00'),
(407, 'Ahmad Mujaddin Z.', 2, 'Narkotika', 'Tri Lestari', 'PB', '2021-04-17', 407, '2021-04-23', 'Diproses', '', '0000-00-00 00:00:00', '0000-00-00 00:00:00'),
(408, 'Tumini Binti Marto Gimun', 5, 'Penipuan', 'Nining S', 'Asimilasi di Rumah', '2021-04-14', 408, '2021-04-23', 'Diproses', '', '0000-00-00 00:00:00', '0000-00-00 00:00:00'),
(409, 'Naufal Dary Prasetya', 11, 'Kesopanan di muka umum', 'Budi', 'Diversi', '2021-04-13', 409, '2021-04-15', 'Diproses', 'Anak', '0000-00-00 00:00:00', '0000-00-00 00:00:00'),
(410, 'Alfin Ardion', 45, 'Pengeroyokan', 'Tri Lestari', 'Diversi', '2021-04-14', 410, '2021-04-19', 'Diproses', 'Anak', '0000-00-00 00:00:00', '0000-00-00 00:00:00'),
(411, 'Meru Adi Saputro', 5, 'Penipuan', 'Syifaurrahmah I', 'Asimilasi di Rumah', '2021-04-14', 411, '2021-04-23', 'Diproses', '', '0000-00-00 00:00:00', '0000-00-00 00:00:00'),
(412, 'Ersa Elystiono Bin Bambang Sugiono', 3, 'Kesehatan/197', 'Marinda P', 'Asimilasi di Rumah dan CB', '2021-04-10', 412, '2021-04-23', 'Diproses', '', '0000-00-00 00:00:00', '0000-00-00 00:00:00'),
(413, 'Dery Harmoko', 3, 'Narkotika/114', 'Widodo', 'PB dan Asimilasi (PP 99)', '2021-04-17', 413, '2021-04-26', 'Diproses', '', '0000-00-00 00:00:00', '0000-00-00 00:00:00'),
(414, 'Ahmad Bin Sutikno (Alm)', 3, 'Narkotika/114', 'Heri Ardianto', 'PB dan Asimilasi (PP 99)', '2021-04-17', 414, '2021-04-26', 'Diproses', '', '0000-00-00 00:00:00', '0000-00-00 00:00:00'),
(415, 'Aan Libra Chriswanto', 3, 'Narkotika/114', 'Mirna Fitri', 'PB dan Asimilasi (PP 99)', '2021-04-17', 415, '2021-04-26', 'Diproses', '', '0000-00-00 00:00:00', '0000-00-00 00:00:00'),
(416, 'Nanang Agus Laili', 3, 'Narkotika/114', 'Nurul Akmalah', 'PB dan Asimilasi (PP 99)', '2021-04-17', 416, '2021-04-26', 'Diproses', '', '0000-00-00 00:00:00', '0000-00-00 00:00:00'),
(417, 'Iwan Trianto', 3, 'Narkotika/114', 'Syifaurrahmah I', 'PB dan Asimilasi (PP 99)', '2021-04-17', 417, '2021-04-26', 'Diproses', '', '0000-00-00 00:00:00', '0000-00-00 00:00:00'),
(418, 'Andik Siswanto', 3, 'Narkotika/114', 'Yurika Oceane', 'PB dan Asimilasi (PP 99)', '2021-04-17', 418, '2021-04-26', 'Diproses', '', '0000-00-00 00:00:00', '0000-00-00 00:00:00'),
(419, 'Yohanes Bayu Tri Susanto Bin Markus S.', 3, 'Penipuan/Pasal 378', 'Sukarman', 'PB', '2021-04-17', 419, '2021-04-26', 'Diproses', '', '0000-00-00 00:00:00', '0000-00-00 00:00:00'),
(420, 'Erick Agustian Bin Narilan', 3, 'Narkotika/112', 'Nining S', 'PB', '2021-04-17', 420, '2021-04-26', 'Diproses', '', '0000-00-00 00:00:00', '0000-00-00 00:00:00'),
(421, 'Sukadi Bin Ruslan (Alm)', 3, 'Penipuan/378', 'Budi Prasodjo', 'PB', '2021-04-17', 421, '2021-04-26', 'Diproses', '', '0000-00-00 00:00:00', '0000-00-00 00:00:00'),
(422, 'Ardian Tri Hantoro Bin Sudjarwanto', 3, 'Narkotika/112', 'Yudha Mei S', 'PB', '2021-04-17', 422, '2021-04-26', 'Diproses', '', '0000-00-00 00:00:00', '0000-00-00 00:00:00'),
(423, 'Ahmad Robithoh Abdulloh Bin Ahmad Hadi', 3, 'Narkotika/127', 'Tri Lestari', 'PB', '2021-04-17', 423, '2021-04-26', 'Diproses', '', '0000-00-00 00:00:00', '0000-00-00 00:00:00'),
(424, 'Adi Kurniawan Bin Ponidi (Alm)', 2, 'Narkotika', 'Marinda P', 'PB dan Asimilasi (PP 99)', '2021-04-21', 424, '2021-04-29', 'Diproses', '', '0000-00-00 00:00:00', '0000-00-00 00:00:00'),
(425, 'Yuli Asmanto Bin Timan', 2, 'Narkotika', 'Yurika Oceane', 'PB dan Asimilasi (PP 99)', '2021-04-21', 425, '2021-04-29', 'Diproses', '', '0000-00-00 00:00:00', '0000-00-00 00:00:00'),
(426, 'Irfan Bin Suwandi', 2, 'Narkotika', 'Syifaurrahmah I', 'PB dan Asimilasi (PP 99)', '2021-04-21', 426, '2021-04-29', 'Diproses', '', '0000-00-00 00:00:00', '0000-00-00 00:00:00'),
(427, 'Hotib Bin Marlyas (Alm)', 2, 'Narkotika', 'Sukarman', 'PB dan Asimilasi (PP 99)', '2021-04-21', 427, '2021-04-29', 'Diproses', '', '0000-00-00 00:00:00', '0000-00-00 00:00:00'),
(428, 'Agus Saputra Bin Muhadi', 14, 'Penganiayaan', 'Eny Mindayani', 'Asimilasi di Rumah dan CB', '2021-03-24', 428, '2021-04-29', 'Diproses', '', '0000-00-00 00:00:00', '0000-00-00 00:00:00'),
(429, 'Muhamad Billy Febrian Bin Gasim', 46, 'Pencurian/363', 'Nurul Akmalah', 'Litmas Sidang', '2021-04-21', 429, '2021-04-23', 'Diproses', 'Anak', '0000-00-00 00:00:00', '0000-00-00 00:00:00'),
(430, 'Jiwaji Als. Gajes Bin Sarkun', 14, 'Perjudian/303', 'Supriyadi', 'CB', '2021-03-24', 430, '2021-04-29', 'Diproses', '', '0000-00-00 00:00:00', '0000-00-00 00:00:00'),
(431, 'Suparno Bin Kasno', 14, 'Perjudian/303', 'Supriyadi', 'Asimilasi di Rumah dan CB', '2021-03-24', 431, '2021-04-29', 'Diproses', '', '0000-00-00 00:00:00', '0000-00-00 00:00:00'),
(432, 'Subakir Bin Sukimin', 14, 'Pembalakan Liar/83', 'Ibnu Syukur', 'Asimilasi di Rumah dan CB', '2021-03-24', 432, '2021-04-29', 'Diproses', '', '0000-00-00 00:00:00', '0000-00-00 00:00:00'),
(433, 'Hadi Nurcholis Bin Amad Dimejo', 14, 'Perlindungan Anak/81', 'Heri Ardianto', 'PB', '2021-03-31', 433, '2021-04-29', 'Diproses', '', '0000-00-00 00:00:00', '0000-00-00 00:00:00'),
(434, 'Boniran Bin Somo Senen', 14, 'Perlindungan Anak/81', 'Agung Witjaksono', 'PB', '2021-03-31', 434, '2021-04-29', 'Diproses', '', '0000-00-00 00:00:00', '0000-00-00 00:00:00'),
(435, 'Parji Als. Jibul Bin Diman', 14, 'Perampokan/365', 'Widodo', 'CB', '2021-03-31', 435, '2021-04-29', 'Diproses', '', '0000-00-00 00:00:00', '0000-00-00 00:00:00'),
(436, 'Hariyanto Bin Simbo', 14, 'Pencurian/363', 'Hartatik', 'PB', '2021-03-31', 436, '2021-04-29', 'Diproses', '', '0000-00-00 00:00:00', '0000-00-00 00:00:00'),
(437, 'Hendro Utomo Putro Bin Sunarno', 14, 'Narkotika/114', 'Maji Harwanto', 'PB dan Asimilasi (PP 99)', '2021-03-31', 437, '2021-04-29', 'Diproses', '', '0000-00-00 00:00:00', '0000-00-00 00:00:00'),
(438, 'Reza Muhammad Doni Bin Berani', 14, 'Narkotika/112', 'Budi Prasodjo', 'PB', '2021-03-31', 438, '2021-04-29', 'Diproses', '', '0000-00-00 00:00:00', '0000-00-00 00:00:00'),
(439, 'Rudi Hermawan Bin Suwoto', 5, 'Pencurian/363', 'Gatot Budiarso', 'PB', '2021-04-26', 439, '2021-04-29', 'Diproses', '', '0000-00-00 00:00:00', '0000-00-00 00:00:00'),
(440, 'Lutfi Fatkhul Mubarroq Bin Tedjo Baskoro', 5, 'Pencurian/363', 'Eny Mindayani', 'PB', '2021-04-26', 440, '2021-04-29', 'Diproses', '', '0000-00-00 00:00:00', '0000-00-00 00:00:00'),
(441, 'Prisatuwa Ibrahim Bin Katimun', 5, 'Pencurian/363', 'Eny Mindayani', 'PB', '2021-04-26', 441, '2021-04-29', 'Diproses', '', '0000-00-00 00:00:00', '0000-00-00 00:00:00'),
(442, 'Verdyan Putra Wijaya', 45, 'Pencurian/365', 'Heri Ardianto', 'Sidang', '2021-04-23', 442, '2021-04-28', 'Diproses', 'Anak', '0000-00-00 00:00:00', '0000-00-00 00:00:00'),
(443, 'Fery Indra Noviansyah', 45, 'Pencurian/365', 'Yurika', 'Sidang', '2021-04-23', 443, '2021-04-28', 'Diproses', 'Anak', '0000-00-00 00:00:00', '0000-00-00 00:00:00'),
(444, 'Wiwid Hera Kristianawati', 5, 'Penipuan/378 KUHP', 'Mirna Fitri Nur C.', 'CB', '2021-04-26', 444, '2021-05-03', 'Diproses', '', '0000-00-00 00:00:00', '0000-00-00 00:00:00'),
(445, 'Diyah Rosita Fitriani', 5, 'Pencurian', 'Gatot Budiarso', 'Asimilasi di Rumah dan CB', '2021-04-26', 445, '2021-05-03', 'Diproses', 'Alamat Semarang', '0000-00-00 00:00:00', '0000-00-00 00:00:00'),
(446, 'Sunarto Bin Sumarji (Alm)', 5, 'Pencurian', 'Eny Mindayani', 'PB', '2021-04-26', 446, '2021-05-03', 'Diproses', '', '0000-00-00 00:00:00', '0000-00-00 00:00:00'),
(447, 'Edi Cahyono Bin Suwarko (Alm)', 5, 'Pencurian/362', 'Gatot Budiarso', 'PB', '2021-04-26', 447, '2021-05-03', 'Diproses', '', '0000-00-00 00:00:00', '0000-00-00 00:00:00'),
(448, 'Supriadi Bin Suraji', 5, 'Pencurian/362', 'Gatot Budiarso', 'PB', '2021-04-26', 448, '2021-05-03', 'Diproses', '', '0000-00-00 00:00:00', '0000-00-00 00:00:00'),
(449, 'Agus Setiawan Bin Muslim', 5, 'Pencurian/362', 'Eny Mindayani', 'PB', '2021-04-26', 449, '2021-05-03', 'Diproses', '', '0000-00-00 00:00:00', '0000-00-00 00:00:00'),
(450, 'Eko Budi Prasetyo Bin Suraji', 14, 'ITE', 'Sugeng Larianto', 'Asimilasi di rumah', '2021-04-23', 450, '2021-05-03', 'Diproses', '', '0000-00-00 00:00:00', '0000-00-00 00:00:00'),
(451, 'Purnomo Als Cr Bin Somo Suradi', 14, 'Penganiayaan', 'Eny Mindayani', 'Asimilasi di rumah dan CB', '2021-04-23', 451, '2021-05-03', 'Diproses', '', '0000-00-00 00:00:00', '0000-00-00 00:00:00'),
(452, 'Sudarno Bin Somokiran', 14, 'Perjudian', 'Supriyadi', 'Asimilasi di rumah', '2021-04-23', 452, '2021-05-03', 'Diproses', '', '0000-00-00 00:00:00', '0000-00-00 00:00:00'),
(453, 'Mansur Ali Bin Ahmadi', 5, 'ITE', 'Sri Utami', 'PB', '2021-04-28', 453, '2021-05-06', 'Diproses', '', '0000-00-00 00:00:00', '0000-00-00 00:00:00'),
(454, 'Nudik Agung Sasmito Bin Soepinto', 5, 'ITE', 'Sri Endang', 'PB', '2021-04-28', 454, '2021-05-06', 'Diproses', '', '0000-00-00 00:00:00', '0000-00-00 00:00:00'),
(455, 'Luluk Tatik Sugianti Binti Sujono', 7, 'Pembunuhan', 'Sudiro', 'PB', '2021-04-21', 455, '2021-05-06', 'Diproses', '', '0000-00-00 00:00:00', '0000-00-00 00:00:00'),
(456, 'Dian Septita Kusumawardhani', 8, 'Narkotika/114', 'Maji Harwanto', 'PB', '2021-04-27', 456, '2021-05-06', 'Diproses', '', '0000-00-00 00:00:00', '0000-00-00 00:00:00'),
(457, 'Fatkul Jannah', 7, 'Penggelapan/374', 'Tri Lestari', 'PB', '2021-04-30', 457, '2021-05-06', 'Diproses', '', '0000-00-00 00:00:00', '0000-00-00 00:00:00'),
(458, 'Siswilia Oktavianti Binti Siswadji', 2, 'Narkotika/112', 'Marinda P', 'PB dan Asimilasi (PP 99)', '2021-04-30', 458, '2021-05-06', 'Diproses', '', '0000-00-00 00:00:00', '0000-00-00 00:00:00'),
(459, 'Aulia Istikomah Binti Moch. Anwar', 2, 'Narkotika/112', 'Yudha Mei S', 'PB dan Asimilasi (PP 99)', '2021-04-30', 459, '2021-05-06', 'Diproses', '', '0000-00-00 00:00:00', '0000-00-00 00:00:00'),
(460, 'Dimas Siswanto Bin Suwono', 2, 'Narkotika/112', 'Heri Ardianto', 'PB dan Asimilasi (PP 99)', '2021-04-30', 460, '2021-05-06', 'Diproses', '', '0000-00-00 00:00:00', '0000-00-00 00:00:00'),
(461, 'Cristian Prasaoran Aritonang Bin Sahat A.', 2, 'Narkotika/112', 'Mirna Fitri', 'PB dan Asimilasi (PP 99)', '2021-04-30', 461, '2021-05-06', 'Diproses', '', '0000-00-00 00:00:00', '0000-00-00 00:00:00'),
(462, 'Rani Suryantari Binti Suryantoro', 2, 'Narkotika/112', 'Nurul Akmalah', 'PB dan Asimilasi (PP 99)', '2021-04-30', 462, '2021-05-06', 'Diproses', '', '0000-00-00 00:00:00', '0000-00-00 00:00:00'),
(463, 'Rudy Andaresta Simamora', 71, 'Penggelapan/372', 'Widodo', 'Asimilasi di rumah', '2021-05-06', 463, '2021-05-17', 'Diproses', 'MEI', '0000-00-00 00:00:00', '0000-00-00 00:00:00'),
(464, 'Aman Mud\'in Bin Mat Hari', 3, 'Pencurian', 'Gatot Budiarso', 'PB', '2021-05-07', 464, '2021-05-20', 'Diproses', '', '0000-00-00 00:00:00', '0000-00-00 00:00:00'),
(465, 'Hendra Eka Oktavia Ariyatno Bin Ariyatno', 3, 'Narkotika/112', 'Agung Witjaksono', 'PB', '2021-05-07', 465, '2021-05-20', 'Diproses', '', '0000-00-00 00:00:00', '0000-00-00 00:00:00'),
(466, 'Lamini Binti Sakimo', 3, 'Penipuan/378', 'Maji Harwanto', 'PB', '2021-05-07', 466, '2021-05-20', 'Diproses', '', '0000-00-00 00:00:00', '0000-00-00 00:00:00'),
(467, 'Roni Wijaya Bin Samsuhadi', 3, 'Narkotika/112', 'Budi Prasodjo', 'PB', '2021-05-07', 467, '2021-05-20', 'Diproses', '', '0000-00-00 00:00:00', '0000-00-00 00:00:00'),
(468, 'Hardianto Muftachul F', 3, 'Narkotika/112', 'Sukarman', 'PB dan Asimilasi (PP 99)', '2021-05-07', 468, '2021-05-20', 'Diproses', '', '0000-00-00 00:00:00', '0000-00-00 00:00:00'),
(469, 'Heru Kurniawan Bin Sujono', 3, 'Narkotika/114', 'Tri Lestari', 'PB dan Asimilasi (PP 99)', '2021-05-07', 469, '2021-05-20', 'Diproses', '', '0000-00-00 00:00:00', '0000-00-00 00:00:00'),
(470, 'Bambang Suyanto Bin Subroto Ismail', 3, 'Penipuan/378', 'Nining S', 'CB', '2021-05-07', 470, '2021-05-20', 'Diproses', '', '0000-00-00 00:00:00', '0000-00-00 00:00:00'),
(471, 'Diana Ekasari Djong Binti Suryadi', 3, 'Penggelapan/372', 'Marinda', 'CB', '2021-05-07', 471, '2021-05-20', 'Diproses', '', '0000-00-00 00:00:00', '0000-00-00 00:00:00'),
(472, 'Mali Bin Martoyo', 3, 'Lakalantas/310', 'Hartatik', 'CB', '2021-05-07', 472, '2021-05-20', 'Diproses', '', '0000-00-00 00:00:00', '0000-00-00 00:00:00'),
(473, 'Suparno Bin Atmo Dinomo', 3, 'Korupsi', 'Ibnu Syukur', 'CB', '2021-05-07', 473, '2021-05-20', 'Diproses', '', '0000-00-00 00:00:00', '0000-00-00 00:00:00'),
(474, 'Slamet Romadhon Bin Ahmad Muhadi', 3, 'Pertanian', 'Sugeng Larianto', 'Asimilasi di rumah dan CB', '2021-05-07', 474, '2021-05-20', 'Diproses', '', '0000-00-00 00:00:00', '0000-00-00 00:00:00'),
(475, 'Baruna Sanjaya Adi P', 3, 'Kesehatan', 'Yudha Mei S', 'Asimilasi di rumah dan CB', '2021-05-07', 475, '2021-05-20', 'Diproses', '', '0000-00-00 00:00:00', '0000-00-00 00:00:00'),
(476, 'Rosul Bin Munir', 3, 'Narkotika/112', 'Heri Ardianto', 'PB', '2021-05-07', 476, '2021-05-20', 'Diproses', '', '0000-00-00 00:00:00', '0000-00-00 00:00:00'),
(477, 'Muhamat Bin Jali', 3, 'Perampokan/365', 'Mirna Fitri', 'PB', '2021-05-07', 477, '2021-05-20', 'Diproses', '', '0000-00-00 00:00:00', '0000-00-00 00:00:00'),
(478, 'Sugeng Kurniawan Bin Rejo', 3, 'Pembunuhan/340', 'Sri Utami', 'PB', '2021-05-07', 478, '2021-05-20', 'Diproses', '', '0000-00-00 00:00:00', '0000-00-00 00:00:00'),
(479, 'Sakti Kurnia Mauliannas Bin Abdul Muin', 3, 'Narkotika/112', 'Nurul Akmalah', 'PB', '2021-05-07', 479, '2021-05-20', 'Diproses', '', '0000-00-00 00:00:00', '0000-00-00 00:00:00'),
(480, 'Sholehudin Bin Mat Wolli', 3, 'Narkotika/127', 'Yurika Oceane', 'PB', '2021-05-07', 480, '2021-05-20', 'Diproses', '', '0000-00-00 00:00:00', '0000-00-00 00:00:00'),
(481, 'Hendra Trilaksono Bin Minsal', 3, 'Narkotika/112', 'Syifaurrahmah I', 'PB', '2021-05-07', 481, '2021-05-20', 'Diproses', '', '0000-00-00 00:00:00', '0000-00-00 00:00:00'),
(482, 'Supari Bin Djamiyo', 3, 'PA/82', 'Widodo', 'PB', '2021-05-07', 482, '2021-05-20', 'Diproses', '', '0000-00-00 00:00:00', '0000-00-00 00:00:00'),
(483, 'Beny Sulistyanto Bin Soejono', 2, 'Pelanggaran Kampanye', 'Ibnu Syukur', 'Asimilasi di rumah', '2021-05-06', 483, '2021-05-20', 'Diproses', '', '0000-00-00 00:00:00', '0000-00-00 00:00:00'),
(484, 'Ginanjar Wahyu Setyaji Bin Sogimin', 4, 'ITE', 'Erlyn W', 'Asimilasi di rumah', '2021-05-17', 484, '2021-05-24', 'Diproses', '', '0000-00-00 00:00:00', '0000-00-00 00:00:00'),
(485, 'Wisnu Putra Bin Heru Soemarman', 3, 'Terorisme', 'Sri Endang', 'Pembinaan Awal', '2021-05-17', 485, '2021-05-27', 'Diproses', '', '0000-00-00 00:00:00', '0000-00-00 00:00:00'),
(486, 'Amat Amminudin Bin Noto', 2, 'Kelalaian', 'Eny Mindayani', 'Asimilasi di rumah dan CB', '2021-05-10', 486, '2021-05-24', 'Diproses', '', '0000-00-00 00:00:00', '0000-00-00 00:00:00'),
(487, 'Andik Pranata Bin Hari Santoso', 2, 'Kesehatan', 'Budi Prasodjo', 'Asimilasi di rumah dan CB', '2021-05-10', 487, '2021-05-24', 'Diproses', '', '0000-00-00 00:00:00', '0000-00-00 00:00:00'),
(488, 'Ilham Arizki Zoga Bin Aris Sudarmaji', 2, 'Pemerasan', 'Gatot Budiarso', 'Asimilasi di rumah dan CB', '2021-05-10', 488, '2021-05-24', 'Diproses', '', '0000-00-00 00:00:00', '0000-00-00 00:00:00'),
(489, 'Hari Susanto Bin Sukino', 4, 'Penggelapan', 'Erlyn W', 'PB', '2021-05-10', 489, '2021-05-24', 'Diproses', '', '0000-00-00 00:00:00', '0000-00-00 00:00:00'),
(490, 'Eka Sukarno Bin Tuyadi', 4, 'Penganiayaan', 'Erlyn W', 'Asimilasi di rumah dan PB', '2021-05-10', 490, '2021-05-24', 'Diproses', '', '0000-00-00 00:00:00', '0000-00-00 00:00:00'),
(491, 'Jumadi Bin (Alm) Khalil', 5, 'Pencurian', 'Hartatik', 'PB', '2021-05-10', 491, '2021-05-24', 'Diproses', '', '0000-00-00 00:00:00', '0000-00-00 00:00:00'),
(492, 'Mokh Sunandar Bin Badrun', 5, 'Pencurian', 'Eny Mindayani', 'PB', '2021-05-10', 492, '2021-05-24', 'Diproses', '', '0000-00-00 00:00:00', '0000-00-00 00:00:00'),
(493, 'Moh Ihqsan Abdullah Maruf', 13, 'Pengeroyokan', 'Gatot Budiarso', 'PB', '2021-05-10', 493, '2021-05-24', 'Diproses', '', '0000-00-00 00:00:00', '0000-00-00 00:00:00'),
(494, 'Suhadi Bin Samsudin', 14, 'Lakalantas', 'Hartatik', 'CB', '2021-05-17', 494, '2021-05-27', 'Diproses', '', '0000-00-00 00:00:00', '0000-00-00 00:00:00'),
(495, 'Teguh Eko Prasetyo', 14, 'Kesusilaan', 'Maji Harwanto', 'CB', '2021-05-17', 495, '2021-05-27', 'Diproses', '', '0000-00-00 00:00:00', '0000-00-00 00:00:00'),
(496, 'Anang Bakti Bin Suwandi', 14, 'Penipuan', 'Sukarman', 'CB', '2021-05-17', 496, '2021-05-27', 'Diproses', '', '0000-00-00 00:00:00', '0000-00-00 00:00:00'),
(497, 'Joko Sutarman Bin Sutomo', 14, 'PA/81', 'Tri Lestari', 'PB', '2021-05-17', 497, '2021-05-27', 'Diproses', '', '0000-00-00 00:00:00', '0000-00-00 00:00:00'),
(498, 'Mat Suci Bin Mat Minun', 14, 'Narkotika/112', 'Nining S', 'PB dan Asimilasi (PP 99)', '2021-05-17', 498, '2021-05-27', 'Diproses', '', '0000-00-00 00:00:00', '0000-00-00 00:00:00'),
(499, 'Nur Azizam Bin Yaimun', 14, 'Kealpaan', 'Eny Mindayani', 'CB', '2021-05-17', 499, '2021-05-27', 'Diproses', '', '0000-00-00 00:00:00', '0000-00-00 00:00:00'),
(500, 'Puryanto Als Pur Edek Bin Sono', 14, 'Pembalakan Liar/83', 'Sudiro', 'CB', '2021-05-17', 500, '2021-05-27', 'Diproses', '', '0000-00-00 00:00:00', '0000-00-00 00:00:00'),
(501, 'Putut Kristianto Bin Anto', 14, 'Perampokan', 'Ninik Lestari', 'PB', '2021-05-17', 501, '2021-05-27', 'Diproses', '', '0000-00-00 00:00:00', '0000-00-00 00:00:00'),
(502, 'Slamet Prayitno Bin Sadimin', 14, 'Penggelapan', 'Yudha Mei S', 'Asimilasi di rumah dan CB', '2021-05-17', 502, '2021-05-27', 'Diproses', '', '0000-00-00 00:00:00', '0000-00-00 00:00:00'),
(503, 'Wahyuni Binti (alm) Supirman', 5, 'Fidusia', 'Heri Ardianto', 'PB', '2021-05-18', 503, '2021-05-27', 'Diproses', '', '0000-00-00 00:00:00', '0000-00-00 00:00:00'),
(504, 'Ahmad Fanani', 1, 'Narkotika', 'Mirna Fitri Nur C.', 'CMB', '2021-05-19', 504, '2021-05-20', 'Diproses', '', '0000-00-00 00:00:00', '0000-00-00 00:00:00'),
(505, 'Irvan Ziqni Edy Bin Oni Setiawan', 1, 'Narkotika', 'Nurul Akmalah', 'PB', '2021-05-19', 505, '2021-05-24', 'Diproses', '', '0000-00-00 00:00:00', '0000-00-00 00:00:00'),
(506, 'Fani Eka Afriansyah Bin Abinawa', 1, 'Narkotika', 'Yurika Oceane', 'PB', '2021-05-19', 506, '2021-05-27', 'Diproses', '', '0000-00-00 00:00:00', '0000-00-00 00:00:00'),
(507, 'Muhammad Fariz Fathurohman', 1, 'Narkotika', 'Syifaurrahmah I', 'PB', '2021-05-19', 507, '2021-05-27', 'Diproses', '', '0000-00-00 00:00:00', '0000-00-00 00:00:00'),
(508, 'Sahid Ahmad Zain Bin Abdur Rahman', 1, 'PA', 'Agung Witjaksono', 'PB', '2021-05-19', 508, '2021-05-27', 'Diproses', '', '0000-00-00 00:00:00', '0000-00-00 00:00:00'),
(509, 'Hamzah Efendi Bin Suwarno', 1, 'Narkotika', 'Widodo', 'PB', '2021-05-19', 509, '2021-05-27', 'Diproses', '', '0000-00-00 00:00:00', '0000-00-00 00:00:00'),
(510, 'Ibet Bulan Santoso Bin Suradi', 1, 'Pencurian', 'Gatot', 'PB', '2021-05-19', 510, '2021-05-27', 'Diproses', '', '0000-00-00 00:00:00', '0000-00-00 00:00:00'),
(511, 'Muchlas Hidayah Bin Maulana', 1, 'Narkotika', 'Sukarman', 'PB', '2021-05-19', 511, '2021-05-27', 'Diproses', '', '0000-00-00 00:00:00', '0000-00-00 00:00:00'),
(512, 'Adam Ichsani Bin Kusnul Aksin', 1, 'Narkotika', 'Marinda P', 'PB', '2021-05-19', 512, '2021-05-27', 'Diproses', '', '0000-00-00 00:00:00', '0000-00-00 00:00:00'),
(513, 'Zakaria Bin Sopyan', 1, 'Narkotika', 'Budi Prasodjo', 'PB dan Asimilasi (PP 99)', '2021-05-19', 513, '2021-05-27', 'Diproses', '', '0000-00-00 00:00:00', '0000-00-00 00:00:00'),
(514, 'Mochammad Machfudi Bin Ahmad Syafii', 1, 'Narkotika', 'Nining S', 'PB dan Asimilasi (PP 99)', '2021-05-19', 514, '2021-05-27', 'Diproses', '', '0000-00-00 00:00:00', '0000-00-00 00:00:00'),
(515, 'Buari', 1, 'Narkotika', 'Tri Lestari', 'PB dan Asimilasi (PP 99)', '2021-05-19', 515, '2021-05-27', 'Diproses', '', '0000-00-00 00:00:00', '0000-00-00 00:00:00'),
(516, 'Sarbini Bin Parto Sadimin', 3, 'Penggelapan', 'Ninik Lestari', 'Asimilasi di rumah dan CB', '2021-05-18', 516, '2021-05-24', 'Diproses', '', '0000-00-00 00:00:00', '0000-00-00 00:00:00'),
(517, 'Warsito Bin Yadi', 2, 'Narkotika', 'Yudha Mei S', 'PB dan Asimilasi (PP 99)', '2021-05-18', 517, '2021-05-27', 'Diproses', '', '0000-00-00 00:00:00', '0000-00-00 00:00:00'),
(518, 'Agus Wahyudi Bin Hendra', 2, 'Narkotika', 'Heri Ardianto', 'PB dan Asimilasi (PP 99)', '2021-05-18', 518, '2021-05-27', 'Diproses', '', '0000-00-00 00:00:00', '0000-00-00 00:00:00'),
(519, 'Chandra Irawan Bin Abdul Rahman (Alm)', 2, 'Narkotika', 'Mirna Fitri Nur C.', 'PB dan Asimilasi (PP 99)', '2021-05-18', 519, '2021-05-27', 'Diproses', '', '0000-00-00 00:00:00', '0000-00-00 00:00:00'),
(520, 'Sarofah Binti H.Abdul Mu\'in', 2, 'Narkotika', 'Nurul Akmalah', 'PB dan Asimilasi (PP 99)', '2021-05-18', 520, '2021-05-27', 'Diproses', '', '0000-00-00 00:00:00', '0000-00-00 00:00:00'),
(521, 'Septia Farida Hasanah', 2, 'Narkotika', 'Syifaurrahmah I', 'PB dan Asimilasi (PP 99)', '2021-05-18', 521, '2021-05-27', 'Diproses', '', '0000-00-00 00:00:00', '0000-00-00 00:00:00'),
(522, 'Suratno Bin Daris', 2, 'Kehutanan', 'Sudiro', 'CB', '2021-05-18', 522, '2021-05-27', 'Diproses', '', '0000-00-00 00:00:00', '0000-00-00 00:00:00'),
(523, 'Sardi Bin Suwaji', 2, 'Penipuan/378 KUHP', 'Yurika Oceane', 'CB', '2021-05-18', 523, '2021-05-27', 'Diproses', '', '0000-00-00 00:00:00', '0000-00-00 00:00:00'),
(524, 'M. Rizaldi Hendra P.', 8, 'Narkotika', 'Widodo', 'PB', '2021-05-07', 524, '2021-05-27', 'Diproses', '', '0000-00-00 00:00:00', '0000-00-00 00:00:00'),
(525, 'Agus Susanto Bin Sahar', 14, 'Perjudian/303', 'Supriyadi', 'Asimilasi di rumah', '2021-05-07', 525, '2021-05-27', 'Diproses', '', '0000-00-00 00:00:00', '0000-00-00 00:00:00'),
(526, 'Jonny Sutikno Bin Kusni', 14, 'Perbuatan tidak menyenangkan/335', 'Hartatik', 'Asimilasi di rumah dan CB', '2021-05-07', 526, '2021-05-27', 'Diproses', '', '0000-00-00 00:00:00', '0000-00-00 00:00:00'),
(527, 'Ariskina Sandi Prayogo Bin Katimin', 14, 'Lakalantas', 'Eny Mindayani', 'Asimilasi di rumah dan CB', '2021-05-07', 527, '2021-05-27', 'Diproses', '', '0000-00-00 00:00:00', '0000-00-00 00:00:00'),
(528, 'Joko Istanto Bin Suyadi', 14, 'Pencurian/363', 'Gatot B.', 'PB', '2021-04-14', 528, '2021-05-27', 'Diproses', '', '0000-00-00 00:00:00', '0000-00-00 00:00:00'),
(529, 'Dalmono Bin Suyanto', 14, 'Pencurian/363', 'Hartatik', 'CB', '2021-04-14', 529, '2021-05-27', 'Diproses', '', '0000-00-00 00:00:00', '0000-00-00 00:00:00'),
(530, 'Muhammad Fatchul Arifin Bin Mardas', 14, 'Perampokan/365', 'Budi Prasodjo', 'PB', '2021-04-14', 530, '2021-05-27', 'Diproses', '', '0000-00-00 00:00:00', '0000-00-00 00:00:00'),
(531, 'Bagus Supriyadi Bin Moch. Anik', 14, 'Narkotika/112', 'Sukarman', 'PB dan Asimilasi (PP 99)', '2021-04-14', 531, '2021-05-27', 'Diproses', '', '0000-00-00 00:00:00', '0000-00-00 00:00:00'),
(532, 'Julis Sujarwadi Bin Supardi', 14, 'Narkotika/112', 'Maji Harwanto', 'PB', '2021-04-14', 532, '2021-05-27', 'Diproses', '', '0000-00-00 00:00:00', '0000-00-00 00:00:00'),
(533, 'Muhammad Faruq Nashirudin', 45, 'Pencurian/362', 'Syifaurrahmah I', 'Diversi', '2021-05-20', 533, '2021-05-24', 'Diproses', 'AKOT', '0000-00-00 00:00:00', '0000-00-00 00:00:00'),
(534, 'Yuliana Bin Bandi', 43, 'Pencurian/362', 'Eny Mindayani', 'CB', '2021-05-21', 534, '2021-05-27', 'Diproses', '', '0000-00-00 00:00:00', '0000-00-00 00:00:00'),
(535, 'Farhan Hasyim Ariski', 11, 'PA/81', 'Sudiro', 'Sidang', '2021-05-15', 535, '2021-05-20', 'Diproses', 'Pidana Pengawasan', '0000-00-00 00:00:00', '0000-00-00 00:00:00'),
(536, 'Yoga Dwi Pratama', 11, 'Kekerasan/170', 'Ibnu Syukur', 'Diversi', '2021-05-15', 536, '2021-05-20', 'Diproses', 'AKOT', '0000-00-00 00:00:00', '0000-00-00 00:00:00'),
(537, 'Hazwan Mukhorobin', 11, 'Bahan Peledak', 'Widodo', 'Sidang', '2021-05-15', 537, '2021-05-20', 'Diproses', 'Pidana Pengawasan', '0000-00-00 00:00:00', '0000-00-00 00:00:00'),
(538, 'Moh.Taufiqur Rafi Eka Putra', 11, 'Bahan Peledak', 'Sugeng Larianto', 'Sidang', '2021-05-15', 538, '2021-05-20', 'Diproses', 'Pidana Pengawasan', '0000-00-00 00:00:00', '0000-00-00 00:00:00'),
(539, 'Redika Gading Saputra', 11, 'Bahan Peledak', 'Sri Utami', 'Sidang', '2021-05-15', 539, '2021-05-20', 'Diproses', 'Pidana Pengawasan', '0000-00-00 00:00:00', '0000-00-00 00:00:00'),
(540, 'Fandi Iswahyudi', 11, 'Bahan Peledak', 'Agung Witjaksono', 'Sidang', '2021-05-15', 540, '2021-05-20', 'Diproses', 'Pidana Pengawasan', '0000-00-00 00:00:00', '0000-00-00 00:00:00'),
(541, 'Yopie Saputra ', 28, 'Bahan Peledak', 'Sudiro', 'Sidang', '2021-05-25', 541, '2021-05-27', 'Diproses', '', '0000-00-00 00:00:00', '0000-00-00 00:00:00'),
(542, 'Rio Agi Yoga Pratama', 28, 'Bahan Peledak', 'Tri Lestari', 'Sidang', '2021-05-25', 542, '2021-05-27', 'Diproses', '', '0000-00-00 00:00:00', '0000-00-00 00:00:00'),
(543, 'Dimas Kurnia ', 28, 'Bahan Peledak', 'Ibnu Syukur', 'Sidang', '2021-05-25', 543, '2021-05-27', 'Diproses', '', '0000-00-00 00:00:00', '0000-00-00 00:00:00'),
(544, 'Fowas Fuadzi ', 28, 'Bahan Peledak', 'Sukarman', 'Sidang', '2021-05-25', 544, '2021-05-27', 'Diproses', '', '0000-00-00 00:00:00', '0000-00-00 00:00:00'),
(545, 'Rhasyya Putra Gemilang', 28, 'Bahan Peledak', 'Maji Harwanto', 'Sidang', '2021-05-25', 545, '2021-05-27', 'Diproses', '', '0000-00-00 00:00:00', '0000-00-00 00:00:00'),
(546, 'Erik Adi Saputro', 28, 'Bahan Peledak', 'Ninik Lestari', 'Sidang', '2021-05-25', 546, '2021-05-27', 'Diproses', '', '0000-00-00 00:00:00', '0000-00-00 00:00:00'),
(547, 'Yogi Andipa', 28, 'Bahan Peledak', 'Yudha Mei', 'Sidang', '2021-05-25', 547, '2021-05-27', 'Diproses', '', '0000-00-00 00:00:00', '0000-00-00 00:00:00'),
(548, 'Yono als. Yon Bin Nadi', 34, 'Pembunuhan/340', 'Sugeng Larianto', 'PB', '2021-03-25', 548, '2021-06-07', 'Diproses', 'Diterima 02/06/2021', '0000-00-00 00:00:00', '0000-00-00 00:00:00'),
(549, 'Andika Stepan Bin Ahmad', 5, 'Pencurian/363', 'Hartatik', 'PB', '2021-05-31', 549, '2021-06-07', 'Diproses', '', '0000-00-00 00:00:00', '0000-00-00 00:00:00'),
(550, 'Erry Sunarno Bin Suparno', 5, 'Kesehatan, Penipuan', 'Tri Lestari', 'PB', '2021-05-31', 550, '2021-06-07', 'Diproses', '', '0000-00-00 00:00:00', '0000-00-00 00:00:00'),
(551, 'Sahril Azmi Bin Ulis', 5, 'Pencurian/363', 'Gatot Budiarso', 'PB', '2021-05-31', 551, '2021-06-07', 'Diproses', '', '0000-00-00 00:00:00', '0000-00-00 00:00:00'),
(552, 'Teguh Triyono Bin Seman Sutono', 5, 'Narkotika', 'Nining S.', 'PB', '2021-05-31', 552, '2021-06-07', 'Diproses', '', '0000-00-00 00:00:00', '0000-00-00 00:00:00'),
(553, 'Ina Widia Sari Binti Amin', 5, 'Pencurian/363', 'Eny Mindayani', 'CB', '2021-05-31', 553, '2021-06-07', 'Diproses', '', '0000-00-00 00:00:00', '0000-00-00 00:00:00'),
(554, 'Ita Risky Suhardhani Binti Suharjoko', 5, 'Pencurian/363', 'Gatot Budiarso', 'CB', '2021-05-31', 554, '2021-06-07', 'Diproses', '', '0000-00-00 00:00:00', '0000-00-00 00:00:00'),
(555, 'Agus Sugianto Bin Paidi', 5, 'Penipuan/372', 'Ninik Lestari', 'PB', '2021-05-31', 555, '2021-06-07', 'Diproses', '', '0000-00-00 00:00:00', '0000-00-00 00:00:00'),
(556, 'Anas Mustova Bin Sudarto', 3, 'P. Anak/ 82', 'Maji Harwanto', 'PB', '2021-05-21', 556, '2021-06-07', 'Diproses', '', '0000-00-00 00:00:00', '0000-00-00 00:00:00'),
(557, 'Priyo Dayanto', 3, 'P. Anak/81', 'Yudha Mei', 'PB', '2021-05-21', 557, '2021-06-07', 'Diproses', '', '0000-00-00 00:00:00', '0000-00-00 00:00:00'),
(558, 'Endang Tri Wahyuni', 3, 'Penipuan/378', 'Nining S', 'PB', '2021-05-21', 558, '2021-06-07', 'Diproses', '', '0000-00-00 00:00:00', '0000-00-00 00:00:00'),
(559, 'Maya Fitria Devi', 3, 'Kesehatan/197', 'Mirna Fitri', 'CB', '2021-05-27', 559, '2021-06-07', 'Diproses', '', '0000-00-00 00:00:00', '0000-00-00 00:00:00'),
(560, 'Edi Susanto', 3, 'Narkotika/114', 'Nodya Wuri', 'PB dan Asimilasi (PP 99)', '2021-05-21', 560, '2021-06-07', 'Diproses', '', '0000-00-00 00:00:00', '0000-00-00 00:00:00'),
(561, 'Isrimun Bin Dero', 3, 'Narkotika/112', 'Nurul Akmalah', 'PB dan Asimilasi (PP 99)', '2021-05-21', 561, '2021-06-07', 'Diproses', '', '0000-00-00 00:00:00', '0000-00-00 00:00:00'),
(562, 'Derry Ardika Putra Bin Dede Gusman', 48, 'Pasal 82 UURI No.18/2013', 'Marinda', 'Diversi ', '2021-06-04', 562, '2021-06-07', 'Diproses', '', '0000-00-00 00:00:00', '0000-00-00 00:00:00'),
(563, 'Susom Bekti Kuncoro Bin Suyono', 14, 'Pencurian & Narkotika', 'Maji Harwanto', 'PB', '2021-06-07', 563, '2021-06-14', 'Diproses', '', '0000-00-00 00:00:00', '0000-00-00 00:00:00'),
(564, 'Daru Untoro Prabowo Bin Sujono', 14, 'Narkotika', 'Maji Harwanto', 'PB dan Asimilasi (PP 99)', '2021-06-07', 564, '2021-06-14', 'Diproses', '', '0000-00-00 00:00:00', '0000-00-00 00:00:00'),
(565, 'Dadang Suryawan Bin Djenanto', 14, 'Penadahan', 'Hartatik', 'Cuti Bersyarat', '2021-06-07', 565, '2021-06-14', 'Diproses', '', '0000-00-00 00:00:00', '0000-00-00 00:00:00'),
(566, 'Darmanto Als Anto Kancil Dardjo', 14, 'Kealpaan', 'Eny Mindayani', 'Cuti Bersyarat', '2021-06-07', 566, '2021-06-14', 'Diproses', '', '0000-00-00 00:00:00', '0000-00-00 00:00:00'),
(567, 'Zahwan Wardani Bin Samsuri', 14, 'Penggelapan', 'Syifaurrahmah I', 'PB', '2021-06-07', 567, '2021-06-14', 'Diproses', '', '0000-00-00 00:00:00', '0000-00-00 00:00:00'),
(568, 'H. Mochammad Fattah SA', 14, 'Penipuan', 'Yurika', 'PB', '2021-06-07', 568, '2021-06-14', 'Diproses', '', '0000-00-00 00:00:00', '0000-00-00 00:00:00'),
(569, 'Saryanto Aladam Bin Sajuri', 14, 'ITE', 'Sri Utami', 'PB', '2021-06-07', 569, '2021-06-14', 'Diproses', '', '0000-00-00 00:00:00', '0000-00-00 00:00:00'),
(570, 'Kasmin Als Kasol', 14, 'Pembunuhan', 'Sri Endang', 'PB', '2021-06-07', 570, '2021-06-14', 'Diproses', '', '0000-00-00 00:00:00', '0000-00-00 00:00:00');
INSERT INTO `napis` (`id`, `name`, `idJail`, `case`, `pk`, `type`, `disposition`, `number_tpp`, `date_tpp`, `status`, `description`, `created_at`, `updated_at`) VALUES
(571, 'Widodo Bin Loso', 14, 'Pembalakan Liar/83', 'Ibnu Syukur', 'Asimilasi di rumah & CB', '2021-06-07', 571, '2021-06-14', 'Diproses', '', '0000-00-00 00:00:00', '0000-00-00 00:00:00'),
(572, 'Rahmad Eko Santoso Als Kodok', 14, 'Narkotika', 'Widodo', 'Asimilasi di rumah & PB', '2021-06-07', 572, '2021-06-14', 'Diproses', '', '0000-00-00 00:00:00', '0000-00-00 00:00:00'),
(573, 'Dafa Sandriyan Kristanto Agusfian', 49, 'Pencurian', 'Mirna', 'Diversi', '2021-06-09', 573, '2021-06-10', 'Diproses', '', '0000-00-00 00:00:00', '0000-00-00 00:00:00'),
(574, 'Calvin Recka Ferdiana Bin Supiyono', 5, 'Pencurian', 'Gatot Budiarso', 'CB', '2021-05-18', 574, '2021-06-14', 'Diproses', '', '0000-00-00 00:00:00', '0000-00-00 00:00:00'),
(575, 'Alvin Bayu Anugrah bin Raden Sunarimo', 11, 'Pencurian', 'Heri Ardianto', 'Sidang', '2021-06-14', 575, '2021-06-17', 'Diproses', '', '0000-00-00 00:00:00', '0000-00-00 00:00:00'),
(576, 'Mokhamad Firman Bin Djoeharto', 3, 'Korupsi', 'Sugeng Larianto', 'CB', '2021-06-14', 576, '2021-06-17', 'Diproses', '', '0000-00-00 00:00:00', '0000-00-00 00:00:00'),
(577, 'Haryono Bin Rahmantono', 3, 'Penggelapan', 'Sukarman', 'CB', '2021-06-14', 577, '2021-06-17', 'Diproses', '', '0000-00-00 00:00:00', '0000-00-00 00:00:00'),
(578, 'Akhmad Muzammil Bin Agus Wijaja', 3, 'Narkotika', 'Budi Prasodjo', 'PB dan Asimilasi (PP 99)', '2021-06-14', 578, '2021-06-17', 'Diproses', '', '0000-00-00 00:00:00', '0000-00-00 00:00:00'),
(579, 'Siti Choiriah Binti Nur Adam', 3, 'Penipuan', 'Maji Harwanto', 'PB', '2021-06-14', 579, '2021-06-17', 'Diproses', '', '0000-00-00 00:00:00', '0000-00-00 00:00:00'),
(580, 'Dian Karianto Bin Tabri Susanto', 3, 'Lakalantas', 'Hartatik', 'CB', '2021-06-14', 580, '2021-06-17', 'Diproses', '', '0000-00-00 00:00:00', '0000-00-00 00:00:00'),
(581, 'Dona Tri Hancahyo Bin Agus Santoso', 3, 'Kesehatan', 'Tri Lestari', 'Asimilasi di rumah dan CB', '2021-06-14', 581, '2021-06-17', 'Diproses', '', '0000-00-00 00:00:00', '0000-00-00 00:00:00'),
(582, 'Jatmiko Farid Adyastaka Bin Eka Wisnu', 3, 'Kesehatan', 'Nining S', 'Asimilasi di rumah dan CB', '2021-06-14', 582, '2021-06-17', 'Diproses', '', '0000-00-00 00:00:00', '0000-00-00 00:00:00'),
(583, 'Devian Ipung Anggrianto Bin Didik P.', 44, 'Pengeroyokan/170', 'Eny Mindayani', 'CB', '2021-06-11', 583, '2021-06-17', 'Diproses', '', '0000-00-00 00:00:00', '0000-00-00 00:00:00'),
(584, 'Dwi Putro Susanto Bin Andi Susanto', 44, 'Penggelapan/374', 'Ninik Lestari', 'CB', '2021-06-11', 584, '2021-06-17', 'Diproses', '', '0000-00-00 00:00:00', '0000-00-00 00:00:00'),
(585, 'Rahadian Guritno Bin Joko Sutomo', 44, 'Penipuan/378', 'Marinda P', 'PB', '2021-06-11', 585, '2021-06-17', 'Diproses', '', '0000-00-00 00:00:00', '0000-00-00 00:00:00'),
(586, 'Jumiran Bin Atmo Wiyono', 44, 'Perjudian/303', 'Supeni', 'CB', '2021-06-11', 586, '2021-06-17', 'Diproses', '', '0000-00-00 00:00:00', '0000-00-00 00:00:00'),
(587, 'Ari Rizky Pratama Putra Bin Sumari', 44, 'Kesehatan/196', 'Yudha Mei', 'CB', '2021-06-11', 587, '2021-06-17', 'Diproses', '', '0000-00-00 00:00:00', '0000-00-00 00:00:00'),
(588, 'Bagus Rachman Alfianto Bin Sugiman', 5, 'Penipuan/378', 'Heri Ardianto', 'CB', '2021-06-15', 588, '2021-06-21', 'Diproses', '', '0000-00-00 00:00:00', '0000-00-00 00:00:00'),
(589, 'Risko Andrya Jefri Bin Suwadi', 5, 'Penipuan/378', 'Mirna Fitri', 'PB', '2021-06-15', 589, '2021-06-21', 'Diproses', '', '0000-00-00 00:00:00', '0000-00-00 00:00:00'),
(590, 'Rafi Muhammad Wandi bin Wandi', 28, 'Pencurian/363', 'Nodya Wuri', 'Sidang', '2021-06-16', 590, '2021-06-21', 'Diproses', '', '0000-00-00 00:00:00', '0000-00-00 00:00:00'),
(591, 'Yolan Asello Pratama Putra bin Joko S', 28, 'Pencurian/364', 'Widodo', 'Sidang', '2021-06-16', 591, '2021-06-21', 'Diproses', '', '0000-00-00 00:00:00', '0000-00-00 00:00:00'),
(592, 'Achmad Nanang Sofyan bin Sagung', 28, 'Pencurian/365', 'Agung Witjaksono', 'Sidang', '2021-06-16', 592, '2021-06-21', 'Diproses', '', '0000-00-00 00:00:00', '0000-00-00 00:00:00'),
(593, 'Christian Dwi Prasetyo', 28, 'Pencurian/366', 'Sukarman', 'Sidang', '2021-06-16', 593, '2021-06-21', 'Diproses', '', '0000-00-00 00:00:00', '0000-00-00 00:00:00'),
(594, 'Rama Dufan Nur Rochmad bin Yatno', 28, 'Pencurian/367', 'Nurul Akmalah', 'Sidang', '2021-06-16', 594, '2021-06-21', 'Diproses', '', '0000-00-00 00:00:00', '0000-00-00 00:00:00'),
(595, 'Mas Ayu Mangkuarta', 28, 'Pencurian/368', 'Syifaurrahmah I', 'Sidang', '2021-06-16', 595, '2021-06-21', 'Diproses', '', '0000-00-00 00:00:00', '0000-00-00 00:00:00'),
(596, 'Ronny hendrawan Als Ronny Bin Hardjono', 50, 'Penipuan/378 KUHP', 'Nodya Wuri', 'PB/Asimilasi', '2021-06-18', 596, '2021-06-24', 'Diproses', '', '0000-00-00 00:00:00', '0000-00-00 00:00:00'),
(597, 'Widodo Bin Suyadi', 51, 'Penipuan/378 KUHP', 'Nurul Akmalah', 'CB', '2021-06-21', 597, '2021-06-24', 'Diproses', '', '0000-00-00 00:00:00', '0000-00-00 00:00:00'),
(598, 'Agus Riyanto Bin Musdianto', 3, 'Pencurian/363 KUHP', 'Gatot Budiarso', 'Asimilasi di rumah dan CB', '2021-06-21', 598, '2021-06-22', 'Diproses', '', '0000-00-00 00:00:00', '0000-00-00 00:00:00'),
(599, 'Febby Noor Ardiyanto', 5, 'Pencurian/362', 'Hartatik', 'CB', '2021-06-22', 599, '2021-06-28', 'Diproses', '', '0000-00-00 00:00:00', '0000-00-00 00:00:00'),
(600, 'Bambang Sulistyono', 5, 'Penipuan/378', 'Syifaurrahmah I', 'PB', '2021-06-22', 600, '2021-06-28', 'Diproses', '', '0000-00-00 00:00:00', '0000-00-00 00:00:00'),
(601, 'Dewi Derita Binti Sartono', 5, 'Mata Uang', 'Yurika', 'PB', '2021-06-22', 601, '2021-06-28', 'Diproses', '', '0000-00-00 00:00:00', '0000-00-00 00:00:00'),
(602, 'Toni Irwanto Bin Kadirin', 5, 'Narkotika', 'Widodo', 'Asimilasi di rumah dan CB', '2021-06-22', 602, '2021-06-28', 'Diproses', '', '0000-00-00 00:00:00', '0000-00-00 00:00:00'),
(603, 'Mispandi Bin (Alm) Suparni', 5, 'Mata Uang', 'Maji Harwanto', 'PB', '2021-06-22', 603, '2021-06-28', 'Diproses', '', '0000-00-00 00:00:00', '0000-00-00 00:00:00'),
(604, 'Bayu Arga Tri Buana', 5, 'Penadahan', 'Eny Mindayani', 'CB', '2021-06-22', 604, '2021-06-28', 'Diproses', '', '0000-00-00 00:00:00', '0000-00-00 00:00:00'),
(605, 'Katimun Bin (Alm) Somo Siton', 5, 'Pencurian', 'Gatot Budiarso', 'CB', '2021-06-22', 605, '2021-06-28', 'Diproses', '', '0000-00-00 00:00:00', '0000-00-00 00:00:00'),
(606, 'Ayong Rahayu Bin Sunarto', 4, 'Pencurian', 'Hartatik', 'CB', '2021-06-22', 606, '2021-06-28', 'Diproses', '', '0000-00-00 00:00:00', '0000-00-00 00:00:00'),
(607, 'Andri Wijayanto', 4, 'Kesehatan', 'Heri Ardianto', 'CB', '2021-06-22', 607, '2021-06-24', 'Diproses', '', '0000-00-00 00:00:00', '0000-00-00 00:00:00'),
(608, 'Choirul Anam', 4, 'Narkotika', 'Heri Ardianto', 'PB', '2021-06-22', 608, '2021-06-24', 'Diproses', '', '0000-00-00 00:00:00', '0000-00-00 00:00:00'),
(609, 'Agus Triono', 4, 'Narkotika', 'Heri Ardianto', 'PB', '2021-06-22', 609, '2021-06-24', 'Diproses', '', '0000-00-00 00:00:00', '0000-00-00 00:00:00'),
(610, 'Nurohim Bin Giono', 4, 'Pencurian', 'Eny Mindayani', 'CB', '2021-06-22', 610, '2021-06-28', 'Diproses', '', '0000-00-00 00:00:00', '0000-00-00 00:00:00'),
(611, 'Angga Saputra Bin Mungin', 4, 'Pencurian', 'Gatot Budiarso', 'CB', '2021-06-22', 611, '2021-06-28', 'Diproses', '', '0000-00-00 00:00:00', '0000-00-00 00:00:00'),
(612, 'Solihin Bin Abd. Rahman', 3, 'Pembunuhan/338', 'Sri Utami', 'PB', '2021-06-18', 612, '2021-06-28', 'Diproses', '', '0000-00-00 00:00:00', '0000-00-00 00:00:00'),
(613, 'R. Ahmad Syaifuddin Bin Wasis', 3, 'Narkotika/114', 'Sukarman', 'PB dan Asimilasi (PP 99)', '2021-06-17', 613, '2021-06-28', 'Diproses', '', '0000-00-00 00:00:00', '0000-00-00 00:00:00'),
(614, 'Kohir Bin Munaso', 3, 'Narkotika/114', 'Budi Prasodjo', 'PB dan Asimilasi (PP 99)', '2021-06-17', 614, '2021-06-28', 'Diproses', '', '0000-00-00 00:00:00', '0000-00-00 00:00:00'),
(615, 'Muhammad Rafii Abiyyu S. Bin Suwadi', 3, 'Narkotika/114', 'Tri Lestari', 'PB dan Asimilasi (PP 99)', '2021-06-17', 615, '2021-06-28', 'Diproses', '', '0000-00-00 00:00:00', '0000-00-00 00:00:00'),
(616, 'Agus Prayitno Bin Apriono', 3, 'Narkotika/112', 'Nining S', 'PB dan Asimilasi (PP 99)', '2021-06-17', 616, '2021-06-28', 'Diproses', '', '0000-00-00 00:00:00', '0000-00-00 00:00:00'),
(617, 'Sukron Arofik Bin Abd Rofik', 3, 'Narkotika/112', 'Sukarman', 'PB dan Asimilasi (PP 99)', '2021-06-17', 617, '2021-06-28', 'Diproses', '', '0000-00-00 00:00:00', '0000-00-00 00:00:00'),
(618, 'Doni Anggoro Putro Bin Buntoro', 3, 'Pencurian/362', 'Hartatik', 'CB', '2021-06-17', 618, '2021-06-28', 'Diproses', '', '0000-00-00 00:00:00', '0000-00-00 00:00:00'),
(619, 'Pujiono Bin Lani (Alm)', 3, 'Penipuan/378', 'Marinda P', 'CB', '2021-06-17', 619, '2021-06-28', 'Diproses', '', '0000-00-00 00:00:00', '0000-00-00 00:00:00'),
(620, 'Bambang Wicaksono', 3, 'Narkotika/127', 'Yudha Mei S', 'CB', '2021-06-17', 620, '2021-06-28', 'Diproses', '', '0000-00-00 00:00:00', '0000-00-00 00:00:00'),
(621, 'Miftakhul Huda Bin Slamet', 3, 'Perjudian/303', 'Supriyadi', 'Asimilasi di Rumah dan CB', '2021-06-21', 621, '2021-06-28', 'Diproses', '', '0000-00-00 00:00:00', '0000-00-00 00:00:00'),
(622, 'Muhammad Farid Bin Toha', 3, 'Perjudian/303', 'Gatot Budiarso', 'Asimilasi di Rumah dan CB', '2021-06-21', 622, '2021-06-28', 'Diproses', '', '0000-00-00 00:00:00', '0000-00-00 00:00:00'),
(623, 'Saptiya Candra Pratama Bin Sugiono', 3, 'Pencurian/363', 'Eny Mindayani', 'Asimilasi di Rumah dan CB', '2021-06-21', 623, '2021-06-28', 'Diproses', '', '0000-00-00 00:00:00', '0000-00-00 00:00:00'),
(624, 'Mochamad Mariono Bin Moch. Ali', 3, 'P. Anak/81', 'Mirna Fitri', 'PB', '2021-06-17', 624, '2021-07-01', 'Diproses', '', '0000-00-00 00:00:00', '0000-00-00 00:00:00'),
(625, 'Kelvin Wisnu Negredo Bin Nur', 3, 'Kesehatan/197', 'Nodya Wuri', 'PB', '2021-06-17', 625, '2021-07-01', 'Diproses', '', '0000-00-00 00:00:00', '0000-00-00 00:00:00'),
(626, 'Deny Yusanto Bin Kasdi Winoto', 3, 'Penipuan/378', 'Nurul Akmalah', 'PB', '2021-06-17', 626, '2021-07-01', 'Diproses', '', '0000-00-00 00:00:00', '0000-00-00 00:00:00'),
(627, 'Temmy Bambang D. Bin Arimurti', 3, 'P. Anak/81', 'Syifaurrahmah I', 'PB', '2021-06-17', 627, '2021-07-01', 'Diproses', '', '0000-00-00 00:00:00', '0000-00-00 00:00:00'),
(628, 'Feri Siswanto Bin Darsono', 3, 'Perampokan/365', 'Yurika Oceane', 'PB', '2021-06-17', 628, '2021-07-01', 'Diproses', '', '0000-00-00 00:00:00', '0000-00-00 00:00:00'),
(629, 'Fifin Indrawati Binti Aspadi', 2, 'Narkotika/112', 'Agung Witjaksono', 'PB dan Asimilasi (PP 99)', '2021-06-24', 629, '2021-07-01', 'Diproses', '', '0000-00-00 00:00:00', '0000-00-00 00:00:00'),
(630, 'Agustinus Adi P. W. Bin Prawira H.', 2, 'Narkotika', 'Widodo', 'PB dan Asimilasi (PP 99)', '2021-06-24', 630, '2021-07-01', 'Diproses', '', '0000-00-00 00:00:00', '0000-00-00 00:00:00'),
(631, 'Andrian Asnawi bin Wagiran', 3, 'PA/81', 'Widodo', 'Cuti Bersyarat', '2021-06-25', 631, '2021-07-01', 'Diproses', 'CB Anak', '0000-00-00 00:00:00', '0000-00-00 00:00:00'),
(632, 'Andra Niko Ariyan ', 3, 'Pengeroyokan/ 170', 'Yurika', 'Pembimbingan', '2021-06-25', 632, '2021-06-25', 'Diproses', 'Pembimbingan', '0000-00-00 00:00:00', '0000-00-00 00:00:00'),
(633, 'Mohd.Akbar Ivan Arianto', 11, 'Pencurian/363', 'Budi Prasodjo', 'Sidang', '2021-06-21', 633, '2021-06-24', 'Diproses', 'LPKA', '0000-00-00 00:00:00', '0000-00-00 00:00:00'),
(634, 'Dista Dwi Ananda bin Sutikno', 11, 'Pencurian/363', 'Maji Harwanto', 'Sidang', '2021-06-21', 634, '2021-06-24', 'Diproses', 'Ponpes', '0000-00-00 00:00:00', '0000-00-00 00:00:00'),
(635, 'Misnanto Bin Surip', 52, 'PA/81', 'Heri Ardianto', 'PB', '2021-06-29', 635, '2021-07-02', 'Diproses', '', '0000-00-00 00:00:00', '0000-00-00 00:00:00'),
(636, 'Sigit Putra Samudra Bin Jumadi', 5, 'Pencurian', 'Hartatik', 'PB', '2021-06-29', 636, '2021-07-05', 'Diproses', '', '0000-00-00 00:00:00', '0000-00-00 00:00:00'),
(637, 'Ahmad Syaifudin Bin Abdullah', 53, 'Ketenagakerjaan', 'Sukarman', 'PB', '2021-06-14', 637, '2021-07-05', 'Diproses', '', '0000-00-00 00:00:00', '0000-00-00 00:00:00'),
(638, 'Sumali Bin Lamijo', 14, 'Laka lantas/310', 'Gatot Budiarso', 'CB', '2021-06-24', 638, '2021-07-08', 'Diproses', 'Juli', '0000-00-00 00:00:00', '0000-00-00 00:00:00'),
(639, 'Ari Anggoro Putro Bin Mulud', 14, 'Pencurian/363 KUHP', 'Eny Mindayani', 'CB', '2021-06-24', 639, '2021-07-08', 'Diproses', '', '0000-00-00 00:00:00', '0000-00-00 00:00:00'),
(640, 'Yudhi Windarto Bin Hadi Suwarno', 14, 'Pencurian/363 KUHP', 'Hartatik', 'CB', '2021-06-24', 640, '2021-07-08', 'Diproses', '', '0000-00-00 00:00:00', '0000-00-00 00:00:00'),
(641, 'Sarmin Bin Karto Dimejo', 14, '', 'Maji Harwanto', 'PB', '2021-06-24', 641, '2021-07-08', 'Diproses', '', '0000-00-00 00:00:00', '0000-00-00 00:00:00'),
(642, 'Samsul Galih Bin Suwardi', 14, 'Pembalakan Liar/82', 'Sri Endang', 'PB', '2021-06-24', 642, '2021-07-08', 'Diproses', '', '0000-00-00 00:00:00', '0000-00-00 00:00:00'),
(643, 'Hadi Suparno Bin Sumopodo', 14, 'KDRT', 'Sudiro', 'PB', '2021-06-24', 643, '2021-07-08', 'Diproses', '', '0000-00-00 00:00:00', '0000-00-00 00:00:00'),
(644, 'Tono Bin Legi', 14, 'Pembalakan Liar', 'Sugeng Larianto', 'PB', '2021-06-24', 644, '2021-07-08', 'Diproses', '', '0000-00-00 00:00:00', '0000-00-00 00:00:00'),
(645, 'Angga Kurnia W. Bin Wijono', 14, 'Pembunuhan', 'Ibnu Syukur', 'PB', '2021-06-24', 645, '2021-07-08', 'Diproses', '', '0000-00-00 00:00:00', '0000-00-00 00:00:00'),
(646, 'Kristina Andriani Binti Sudarno', 7, 'Narkotika', 'Budi Prasodjo', 'PB', '2021-06-21', 646, '2021-07-08', 'Diproses', '', '0000-00-00 00:00:00', '0000-00-00 00:00:00'),
(647, 'Dinda Dwi Putri Binti Sino Wahyudi', 14, 'Narkotika/112', 'Tri Lestari', 'PB', '2021-06-24', 647, '2021-07-08', 'Diproses', '', '0000-00-00 00:00:00', '0000-00-00 00:00:00'),
(648, 'Irani Ayu C. Binti Wahyu Jatmiko', 14, 'Narkotika/112', 'Nining S.', 'PB', '2021-06-24', 648, '2021-07-08', 'Diproses', '', '0000-00-00 00:00:00', '0000-00-00 00:00:00'),
(649, 'Siti Mujayanah Binti Munaji', 14, 'Narkotika/114', 'Marinda P.', 'PB', '2021-06-24', 649, '2021-07-08', 'Diproses', '', '0000-00-00 00:00:00', '0000-00-00 00:00:00'),
(650, 'Adinda Anggara Kusuma', 10, 'PA/81', 'Sri Utami', 'Sidang', '2021-06-25', 650, '2021-07-01', 'Diproses', 'Ponpes', '0000-00-00 00:00:00', '0000-00-00 00:00:00'),
(651, 'Rizky Arya Nugraha', 17, 'Pencurian/363 KUHP', 'Yurika', 'Sidang', '2021-07-01', 651, '2021-07-05', 'Diproses', 'BRSAMPK Antasena', '0000-00-00 00:00:00', '0000-00-00 00:00:00'),
(652, 'Fiki Rahmad Hidayat bin Bakri', 54, 'Lakalantas/310', 'Nodya Wuri', 'Diversi', '2021-07-02', 652, '2021-07-02', 'Diproses', 'AKOT', '0000-00-00 00:00:00', '0000-00-00 00:00:00'),
(653, 'Dwi Andika', 17, 'Pencurian/363 KUHP', 'Mirna', 'Sidang', '2021-06-30', 653, '2021-06-30', 'Diproses', 'Pidana Pengawasan', '0000-00-00 00:00:00', '0000-00-00 00:00:00'),
(655, 'Joko Prasetyo Bin Pardi', 13, 'Penggelapan/374 KUHP', 'Yudha Mei', 'CB/ASIMILASI', '2021-07-06', 655, '2021-07-08', 'Diproses', '', '0000-00-00 00:00:00', '0000-00-00 00:00:00'),
(656, 'Ragil Suko Prabowo', 55, 'lakalantas', 'Hartatik', 'CB/ASIMILASI', '2021-07-06', 656, '2021-07-08', 'Diproses', '', '0000-00-00 00:00:00', '0000-00-00 00:00:00'),
(657, 'Donny Anggara Prasetya Bin M. Farid', 56, 'Penggelapan/374', 'Heri Ardianto', 'Asimilasi di Rumah dan CB', '2021-07-06', 657, '2021-07-12', 'Diproses', '', '0000-00-00 00:00:00', '0000-00-00 00:00:00'),
(658, 'Wasit Wibowo Bin Sukat', 57, 'Penipuan/378', 'Mirna Fitri', 'Asimilasi di Rumah dan CB', '2021-06-23', 658, '2021-07-12', 'Diproses', '', '0000-00-00 00:00:00', '0000-00-00 00:00:00'),
(659, 'Marga Aditya Bagas P. Bin Marmin', 4, 'Pencurian/363 KUHP', 'Gatot Budiarso', 'PB', '2021-07-06', 659, '2021-07-12', 'Diproses', '', '0000-00-00 00:00:00', '0000-00-00 00:00:00'),
(660, 'Riyanto Bin Gendon', 4, 'P. Anak/81', 'Heri Ardianto', 'PB', '2021-07-06', 660, '2021-07-12', 'Diproses', '', '0000-00-00 00:00:00', '0000-00-00 00:00:00'),
(661, 'Fajar Septian Bin Sunarto', 4, 'Narkotika/112', 'Erlyn W', 'PB', '2021-07-06', 661, '2021-07-12', 'Diproses', '', '0000-00-00 00:00:00', '0000-00-00 00:00:00'),
(662, 'Riki Septya Nugraha Bin Sunarto', 4, 'Narkotika/112', 'Erlyn W', 'PB', '2021-07-06', 662, '2021-07-12', 'Diproses', '', '0000-00-00 00:00:00', '0000-00-00 00:00:00'),
(663, 'Rizal Maulana Romadhoni Bin Mustofa Harianto', 58, 'Kesehatan/196 &197', 'Sri Endang L', 'Sidang', '2021-07-09', 663, '2021-07-10', 'Diproses', 'Pidana Penjara di 29', '0000-00-00 00:00:00', '0000-00-00 00:00:00'),
(664, 'Sujiman Bin Wakidi', 4, 'Perikanan/88', 'Heri Ardianto', 'Asimilasi di Rumah dan CB', '2021-07-12', 664, '2021-07-12', 'Diproses', '', '0000-00-00 00:00:00', '0000-00-00 00:00:00'),
(665, 'Siti Badriah Binti Soekem', 4, '263 KUHP', 'Erlyn W', 'Asimilasi di Rumah dan CB', '2021-07-12', 665, '2021-07-15', 'Diproses', '', '0000-00-00 00:00:00', '0000-00-00 00:00:00'),
(666, 'Tri Hartono Bin H. Ahmad Z', 4, '263 Kuhp', 'Erlyn W', 'Asimilasi di Rumah dan CB', '2021-07-12', 666, '2021-07-15', 'Diproses', '', '0000-00-00 00:00:00', '0000-00-00 00:00:00'),
(667, 'Nalendra Tri Wasono', 1, 'Narkotika/112', 'Nodya Wuri', 'PB', '2021-07-12', 667, '2021-07-19', 'Diproses', '', '0000-00-00 00:00:00', '0000-00-00 00:00:00'),
(668, 'Yoyok Vidiyanto Bin Mujiono', 1, 'Narkotika/112', 'Nurul Akmalah', 'PB', '2021-07-12', 668, '2021-07-19', 'Diproses', '', '0000-00-00 00:00:00', '0000-00-00 00:00:00'),
(669, 'Ega Fransiska Bin Simin', 1, 'Narkotika/112', 'Syifaurrahmah I', 'PB', '2021-07-12', 669, '2021-07-19', 'Diproses', '', '0000-00-00 00:00:00', '0000-00-00 00:00:00'),
(670, 'Syaifulloh Bin Supardi', 1, 'Kesehatan/ 196', 'Yurika', 'PB', '2021-07-12', 670, '2021-07-19', 'Diproses', '', '0000-00-00 00:00:00', '0000-00-00 00:00:00'),
(671, 'Andra Mayu Bin Samai', 1, 'Perlindungan Anak', 'Widodo', 'PB', '2021-07-12', 671, '2021-07-19', 'Diproses', '', '0000-00-00 00:00:00', '0000-00-00 00:00:00'),
(672, 'Elang Yunta Magenda T', 1, 'Narkotika', 'Agung Witjaksono', 'PB', '2021-07-12', 672, '2021-07-19', 'Diproses', '', '0000-00-00 00:00:00', '0000-00-00 00:00:00'),
(673, 'Sugeng Handoko Bin Kunawi', 1, 'Narkotika/114', 'Maji Harwanto', 'Asimilasi & PB', '2021-07-12', 673, '2021-07-19', 'Diproses', '', '0000-00-00 00:00:00', '0000-00-00 00:00:00'),
(674, 'Nasrul Alfian Bin Mudjamil', 1, 'Narkotika/114', 'Sukarman', 'Asimilasi & PB', '2021-07-12', 674, '2021-07-19', 'Diproses', '', '0000-00-00 00:00:00', '0000-00-00 00:00:00'),
(675, 'Solihin Bin Mohammad Soleh', 1, 'Narkotika/114', 'Nining S', 'Asimilasi & PB', '2021-07-12', 675, '2021-07-19', 'Diproses', '', '0000-00-00 00:00:00', '0000-00-00 00:00:00'),
(676, 'Suwoto Bin Duladi', 1, 'Narkotika/112', 'Nodya Wuri', 'Asimilasi & PB', '2021-07-12', 676, '2021-07-19', 'Diproses', '', '0000-00-00 00:00:00', '0000-00-00 00:00:00'),
(677, 'Rahardian Arsy Bagaskara', 1, 'Narkotika/111', 'Nurul Akmalah', 'Asimilasi & PB', '2021-07-12', 677, '2021-07-19', 'Diproses', '', '0000-00-00 00:00:00', '0000-00-00 00:00:00'),
(678, 'Yayak Yulistyo ', 1, 'Narkotika/112', 'Tri Lestari', 'Asimilasi & PB', '2021-07-12', 678, '2021-07-19', 'Diproses', '', '0000-00-00 00:00:00', '0000-00-00 00:00:00'),
(679, 'Moch Anwar Bin Ach Silo', 1, 'Narkotika/112', 'Yudha Mei', 'Asimilasi & PB', '2021-07-12', 679, '2021-07-19', 'Diproses', '', '0000-00-00 00:00:00', '0000-00-00 00:00:00'),
(680, 'Wahyu Subagyo Bin Sukardi', 1, 'Narkotika/114', 'Mirna Fitri', 'Asimilasi & PB', '2021-07-12', 680, '2021-07-19', 'Diproses', '', '0000-00-00 00:00:00', '0000-00-00 00:00:00'),
(681, 'Tri Cahyono bin Sarno', 17, 'Laka Lantas/310', 'Agung Witjaksono', 'Diversi', '2021-07-15', 681, '2021-07-19', 'Diproses', 'AKOT', '0000-00-00 00:00:00', '0000-00-00 00:00:00'),
(682, 'Irfan Ariatmoko', 17, 'Laka Lantas/310', 'Sudiro', 'Diversi', '2021-07-15', 682, '2021-07-19', 'Diproses', 'AKOT', '0000-00-00 00:00:00', '0000-00-00 00:00:00'),
(683, 'M.Asrofi bin Widodo', 45, 'Laka Lantas/310', 'Sugeng Larianto ', 'Diversi', '2021-07-19', 683, '2021-07-19', 'Diproses', 'AKOT', '0000-00-00 00:00:00', '0000-00-00 00:00:00'),
(684, 'Ribut Wahyudi Bin Mistar', 3, 'Narkotika/112', 'Syifaurrahmah I', 'PB dan Asimilasi (PP 99)', '2021-07-13', 684, '2021-07-26', 'Diproses', '', '0000-00-00 00:00:00', '0000-00-00 00:00:00'),
(685, 'Hesti Murlina Bin Soenadi', 3, 'Narkotika/114', 'Yurika Oceane', 'PB dan Asimilasi (PP 99)', '2021-07-13', 685, '2021-07-26', 'Diproses', '', '0000-00-00 00:00:00', '0000-00-00 00:00:00'),
(686, 'Andri Irawan Bin Yahmin', 3, 'Narkotika/114', 'Budi Prasodjo', 'PB dan Asimilasi (PP 99)', '2021-07-13', 686, '2021-07-26', 'Diproses', '', '0000-00-00 00:00:00', '0000-00-00 00:00:00'),
(687, 'Harmanto Bin San Muslim (Alm)', 3, 'Penipuan/378', 'Widodo', 'Asimilasi di Rumah dan PB', '2021-07-16', 687, '2021-07-26', 'Diproses', '', '0000-00-00 00:00:00', '0000-00-00 00:00:00'),
(688, 'Argo Dwi Kusuma Bin Samirin', 3, 'Lakalantas/310', 'Eny Mindayani', 'Asimilasi di Rumah dan CB', '2021-07-16', 688, '2021-07-26', 'Diproses', '', '0000-00-00 00:00:00', '0000-00-00 00:00:00'),
(689, 'Rohman Bin Suroto', 3, 'Lakalantas/310', 'Gatot Budiarso', 'Asimilasi di Rumah dan CB', '2021-07-16', 689, '2021-07-26', 'Diproses', '', '0000-00-00 00:00:00', '0000-00-00 00:00:00'),
(690, 'Didik Irawan Bin M. Salim', 3, 'Pencurian/363 KUHP', 'Hartatik', 'PB', '2021-07-13', 690, '2021-07-26', 'Diproses', '', '0000-00-00 00:00:00', '0000-00-00 00:00:00'),
(691, 'Roky Gofana Bin Joko Sarwono (Alm)', 3, 'Kesehatan/197', 'Agung Witjaksono', 'PB', '2021-07-13', 691, '2021-07-26', 'Diproses', '', '0000-00-00 00:00:00', '0000-00-00 00:00:00'),
(692, 'Andrian Hary Widodo Bin Sudjono Harsono', 3, 'Narkotika/127', 'Sukarman', 'PB', '2021-07-13', 692, '2021-07-26', 'Diproses', '', '0000-00-00 00:00:00', '0000-00-00 00:00:00'),
(693, 'Wisnu Putra Bin Heru Soemarman', 3, 'Terorisme', 'Sri Endang L.', 'PB', '2021-07-13', 693, '2021-07-26', 'Diproses', '', '0000-00-00 00:00:00', '0000-00-00 00:00:00'),
(694, 'Arnel Mahendra Bin Warsono', 3, 'Kesehatan/196', 'Budi Prasodjo', 'CB', '2021-07-13', 694, '2021-07-26', 'Diproses', '', '0000-00-00 00:00:00', '0000-00-00 00:00:00'),
(695, 'Jessicha Marina Putri Binti Tri Budiono', 3, 'Penggelapan/374', 'Maji Harwanto', 'Asimilasi di Rumah dan PB', '2021-07-13', 695, '2021-07-26', 'Diproses', '', '0000-00-00 00:00:00', '0000-00-00 00:00:00'),
(696, 'Suradi Bin Setrorejo (Alm)', 3, 'Penipuan/378', 'Tri Lestari', 'Asimilasi di Rumah', '2021-07-13', 696, '2021-07-26', 'Diproses', '', '0000-00-00 00:00:00', '0000-00-00 00:00:00'),
(697, 'Warsito Bin Tampi', 59, 'Penipuan', 'Nining S.', 'Asimilasi di Rumah dan CB', '2021-07-16', 697, '2021-07-26', 'Diproses', '', '0000-00-00 00:00:00', '0000-00-00 00:00:00'),
(698, 'Sudarno Bin Bomin', 4, 'Perikanan/88', 'Heri Ardianto', 'CB', '2021-07-23', 698, '2021-07-26', 'Diproses', '', '0000-00-00 00:00:00', '0000-00-00 00:00:00'),
(699, 'Mochammad Wahyu Firdaus Bin Waras ', 4, 'Narkotika/112', 'Erlyn W', 'PB', '2021-07-23', 699, '2021-07-26', 'Diproses', '', '0000-00-00 00:00:00', '0000-00-00 00:00:00'),
(700, 'Faisal Imron Bin Mahmud Syah', 4, 'Narkotika/114', 'Erlyn W', 'PB dan Asimilasi (PP 99)', '2021-07-23', 700, '2021-07-26', 'Diproses', '', '0000-00-00 00:00:00', '0000-00-00 00:00:00'),
(701, 'Mochamad Fachrul Bin Sahuri', 4, 'Narkotika/112', 'Erlyn W', 'PB', '2021-07-23', 701, '2021-07-26', 'Diproses', '', '0000-00-00 00:00:00', '0000-00-00 00:00:00'),
(702, 'Wahyu Hidayat Als Koplak Bin Setu Alm', 4, 'Narkotika/127', 'Heri Ardianto', 'Asimilasi di Rumah dan CB', '2021-07-23', 702, '2021-07-26', 'Diproses', '', '0000-00-00 00:00:00', '0000-00-00 00:00:00'),
(703, 'Sholihul Basri Bin Slamet', 14, 'Perjudian/303', 'Supeni', 'Asimilasi di Rumah dan CB', '2021-07-19', 703, '2021-07-29', 'Diproses', '', '0000-00-00 00:00:00', '0000-00-00 00:00:00'),
(704, 'Sumarno Bin Musirin', 14, 'Pembalakan Liar', 'Sri Utami', 'Asimilasi di Rumah dan CB', '2021-07-19', 704, '2021-07-29', 'Diproses', '', '0000-00-00 00:00:00', '0000-00-00 00:00:00'),
(705, 'Sugiarto Als. Tomblok Bin Saimin', 14, 'Pembalakan Liar', 'Sudiro', 'Asimilasi di Rumah dan CB', '2021-07-19', 705, '2021-07-29', 'Diproses', '', '0000-00-00 00:00:00', '0000-00-00 00:00:00'),
(706, 'M. Bimo Radiyanto Bin Irianto', 14, 'Pencurian/363 KUHP', 'Eny Mindayani', 'Asimilasi di Rumah dan CB', '2021-07-19', 706, '2021-07-29', 'Diproses', '', '0000-00-00 00:00:00', '0000-00-00 00:00:00'),
(707, 'Siwar Bin Somorejo (Alm)', 14, 'Perjudian/303', 'Supriyadi', 'Asimilasi di Rumah dan CB', '2021-07-19', 707, '2021-07-29', 'Diproses', '', '0000-00-00 00:00:00', '0000-00-00 00:00:00'),
(708, 'Susanto Als. Sarkali Bin Sugiono', 14, 'Pembalakan Liar', 'Sugeng Larianto', 'CB', '2021-07-19', 708, '2021-07-29', 'Diproses', '', '0000-00-00 00:00:00', '0000-00-00 00:00:00'),
(709, 'Dian Prasetyo Hadi Bin Ahmad Dulhadi', 14, 'Narkotika/112', 'Yudha Mei S', 'PB', '2021-07-19', 709, '2021-07-29', 'Diproses', '', '0000-00-00 00:00:00', '0000-00-00 00:00:00'),
(710, 'Lucy Dwi Eryanto Bin Sugeng Riyanto', 14, 'Narkotika/112', 'Nodya Wuri', 'Asimilasi dan PB (PP99)', '2021-07-19', 710, '2021-07-29', 'Diproses', '', '0000-00-00 00:00:00', '0000-00-00 00:00:00'),
(711, 'Abdul Gofar Bin Sugiono', 14, 'Narkotika/112', 'Nurul Akmalah', 'Asimilasi dan PB (PP99)', '2021-07-19', 711, '2021-07-29', 'Diproses', '', '0000-00-00 00:00:00', '0000-00-00 00:00:00'),
(712, 'Setiaji Bin Imam Suwandi', 14, 'Narkotika/112', 'Agung Witjaksono', 'Asimilasi dan PB (PP99)', '2021-07-19', 712, '2021-07-29', 'Diproses', '', '0000-00-00 00:00:00', '0000-00-00 00:00:00'),
(713, 'Dicky Oddy Saputra', 14, 'Narkotika/112', 'Yurika Oceane', 'Asimilasi dan PB (PP99)', '2021-07-19', 713, '2021-07-29', 'Diproses', '', '0000-00-00 00:00:00', '0000-00-00 00:00:00'),
(714, 'Zelly Budy Wibowo Bin Budiyono', 4, 'PA/81', 'Heri Ardianto', 'PB', '2021-07-24', 714, '2021-07-29', 'Diproses', '', '0000-00-00 00:00:00', '0000-00-00 00:00:00'),
(715, 'Yuyun Yuniarti Binti Sunaryo', 4, 'Mucikari/506 KUHP', 'Erlyn W', 'Asimilasi di Rumah', '2021-07-24', 715, '2021-07-29', 'Diproses', '', '0000-00-00 00:00:00', '0000-00-00 00:00:00'),
(716, 'Nasikhun Amin Bin Sopingi', 4, 'Penggelapan/374 KUHP', 'Heri Ardianto', 'Asimilasi di Rumah dan PB', '2021-07-24', 716, '2021-07-29', 'Diproses', '', '0000-00-00 00:00:00', '0000-00-00 00:00:00'),
(717, 'Muhammad Nokia Ali bin Kaderi Ali', 17, 'Pencurian/362 KUHP', 'Widodo', 'Diversi', '2021-07-27', 717, '2021-07-29', 'Diproses', '', '0000-00-00 00:00:00', '0000-00-00 00:00:00'),
(718, 'Susanto Als. Meyeng Bin Suyoto (Alm)', 60, 'Pencurian/363 KUHP', 'Gatot Budiarso', 'Asimilasi di Rumah dan PB', '2021-07-02', 718, '2021-08-02', 'Diproses', '', '0000-00-00 00:00:00', '0000-00-00 00:00:00'),
(719, 'Veri Ramadani bin Bomoyo', 61, 'UU Darurat', 'Ibnu', 'Sidang', '2021-08-02', 719, '2021-08-05', 'Diproses', 'Ponpes', '0000-00-00 00:00:00', '0000-00-00 00:00:00'),
(720, 'Andik Tri Budiarto', 5, 'Penggelapan', 'Eddy Bono', 'Asimilasi di Rumah dan CB', '2021-08-04', 720, '2021-08-05', 'Diproses', '', '0000-00-00 00:00:00', '0000-00-00 00:00:00'),
(721, 'Pugoh Adi Saputro Bin Sidik', 3, 'Narkotika/112', 'Widodo', 'Asimilasi dan PB (PP99)', '2021-08-05', 721, '2021-08-09', 'Diproses', '', '0000-00-00 00:00:00', '0000-00-00 00:00:00'),
(722, 'Hary Cahyono Bin Hadi Sudarmo (Alm)', 3, 'Narkotika/114', 'Sukarman', 'Asimilasi dan PB (PP99)', '2021-07-27', 722, '2021-08-09', 'Diproses', '', '0000-00-00 00:00:00', '0000-00-00 00:00:00'),
(723, 'Wahyu Sapto Budi Susilo Bin Sutarto', 3, 'Penipuan/378', 'Budi Prasodjo', 'Asimilasi di Rumah dan CB', '2021-07-22', 723, '2021-08-09', 'Diproses', '', '0000-00-00 00:00:00', '0000-00-00 00:00:00'),
(724, 'Rendra Agus Saputra Bin Joko', 3, 'P. Anak/80', 'Maji Harwanto', 'Asimilasi di Rumah dan CB', '2021-07-22', 724, '2021-08-09', 'Diproses', '', '0000-00-00 00:00:00', '0000-00-00 00:00:00'),
(725, 'Jangkung Insan Pamungkas Bin Woso Karyo', 3, 'Perjudian/303', 'Supeni', 'Asimilasi di Rumah dan CB', '2021-07-22', 725, '2021-08-09', 'Diproses', '', '0000-00-00 00:00:00', '0000-00-00 00:00:00'),
(726, 'Alfian Pratama Putra Bin Hariyanto', 3, 'Kesehatan/196', 'Tri Lestari', 'Asimilasi di Rumah dan CB', '2021-08-03', 726, '2021-08-09', 'Diproses', '', '0000-00-00 00:00:00', '0000-00-00 00:00:00'),
(727, 'Deva Yudha Prasetya Bin Yunus Muchtar', 3, 'Narkotika/112', 'Nining S.', 'PB', '2021-08-03', 727, '2021-08-09', 'Diproses', 'Agustus', '0000-00-00 00:00:00', '0000-00-00 00:00:00'),
(728, 'Agung Kurniawan Bin Slamet (Alm)', 3, 'Perampokan/365', 'Yudha Mei S.', 'PB', '2021-08-03', 728, '2021-08-09', 'Diproses', '', '0000-00-00 00:00:00', '0000-00-00 00:00:00'),
(729, 'Heru Sucahyo Bin Sukam Tiadi', 3, 'Narkotika/112', 'Mirna Fitri', 'PB', '2021-08-03', 729, '2021-08-09', 'Diproses', '', '0000-00-00 00:00:00', '0000-00-00 00:00:00'),
(730, 'Suhadi Bin Matali (Alm)', 3, 'Perampokan/365', 'Nodya Wuri', 'PB', '2021-08-03', 730, '2021-08-09', 'Diproses', '', '0000-00-00 00:00:00', '0000-00-00 00:00:00'),
(731, 'Rachmad Hidayat Bin Omari (Alm)', 3, 'Narkotika/112', 'Nurul Akmalah', 'Asimilasi dan PB (PP99)', '2021-08-03', 731, '2021-08-09', 'Diproses', '', '0000-00-00 00:00:00', '0000-00-00 00:00:00'),
(732, 'Ryan Nur Rudianto Bin Murdianto', 3, 'Narkotka/112', 'Yurika Oceane', 'Asimilasi dan PB (PP99)', '2021-08-03', 732, '2021-08-09', 'Diproses', '', '0000-00-00 00:00:00', '0000-00-00 00:00:00'),
(733, 'Syarifah Anis Marsela S. Binti Said Abdurrahman S', 7, 'Narkotika/114', 'Widodo', 'PB', '2021-01-15', 733, '2021-08-09', 'Diproses', '', '0000-00-00 00:00:00', '0000-00-00 00:00:00'),
(734, 'Alvian Firmansyah Pratama', 28, 'Pencabulan/82', 'Sukarman', 'Sidang', '2021-08-09', 734, '2021-08-09', 'Diproses', 'Ponpes', '0000-00-00 00:00:00', '0000-00-00 00:00:00'),
(735, 'Muhammad Yusandi bin Yusuf', 28, 'Pencurian/362 KUHP', 'Yudha Mei', 'Diversi', '2021-08-09', 735, '2021-08-09', 'Diproses', 'AKOT', '0000-00-00 00:00:00', '0000-00-00 00:00:00'),
(736, 'Dhani Wahyu bin Sunardi', 28, 'Penadahan/480 KUHP', 'Nining', 'Diversi', '2021-08-09', 736, '2021-08-09', 'Diproses', 'AKOT', '0000-00-00 00:00:00', '0000-00-00 00:00:00'),
(737, 'Galang Aditya Wardana', 62, 'Pencurian/363 KUHP', 'Maji Harwanto', 'Sidang', '2021-08-09', 737, '2021-08-12', 'Diproses', 'Pidana Pengawasan', '0000-00-00 00:00:00', '0000-00-00 00:00:00'),
(738, 'Muhammad Hafiz Adzin Farizki', 63, 'Pencurian/362 KUHP', 'Tri Lestari ', 'Diversi', '2021-08-09', 738, '2021-08-12', 'Diproses', 'AKOT', '0000-00-00 00:00:00', '0000-00-00 00:00:00'),
(739, 'Wahyu Destio Nawwar Ahla bin Suyadi', 63, 'Pencurian/362 KUHP', 'Ninik Lestari', 'Diversi', '2021-08-09', 739, '2021-08-12', 'Diproses', 'AKOT', '0000-00-00 00:00:00', '0000-00-00 00:00:00'),
(740, 'Hedy Febriyan Bin Davit Budi Setyp', 64, 'Narkotika/112', 'Sukarman', 'Asimilasi di Rumah dan PB', '2021-07-05', 740, '2021-08-16', 'Diproses', '', '0000-00-00 00:00:00', '0000-00-00 00:00:00'),
(741, 'Imam Agus Santoso Bin Sukiyatno', 3, 'Pencurian/363 KUHP', 'Hartatik', 'CB', '2021-08-05', 741, '2021-08-16', 'Diproses', '', '0000-00-00 00:00:00', '0000-00-00 00:00:00'),
(742, 'Hazam Mansuri Bin Djamul Fuadi', 3, 'Penggelapan/372', 'Budi Prasodjo', 'Asimilasi di Rumah dan PB', '2021-08-05', 742, '2021-08-16', 'Diproses', '', '0000-00-00 00:00:00', '0000-00-00 00:00:00'),
(743, 'Mastuki Bin Matrasid (Alm)', 3, 'Narkotika/114', 'Maji Harwanto', 'Asimilasi dan PB (PP99)', '2021-08-05', 743, '2021-08-16', 'Diproses', '', '0000-00-00 00:00:00', '0000-00-00 00:00:00'),
(744, 'Mjc Romanto Bin Samai/Rukat', 3, 'Narkotika/114', 'Tri Lestari', 'Asimilasi dan PB (PP99)', '2021-08-05', 744, '2021-08-16', 'Diproses', '', '0000-00-00 00:00:00', '0000-00-00 00:00:00'),
(745, 'Deni Panca Kusuma Bin Kusyanto', 3, 'P. Anak/81', 'Nining S.', 'PB', '2021-08-05', 745, '2021-08-16', 'Diproses', '', '0000-00-00 00:00:00', '0000-00-00 00:00:00'),
(746, 'Cristian Afianto Bin Mahmudi', 3, 'Perbankan', 'Ibnu Syukur', 'PB', '2021-08-05', 746, '2021-08-16', 'Diproses', '', '0000-00-00 00:00:00', '0000-00-00 00:00:00'),
(747, 'Asmadinali Bin Suali', 3, 'Narkotika/112', 'Marinda P.', 'PB', '2021-08-05', 747, '2021-08-16', 'Diproses', '', '0000-00-00 00:00:00', '0000-00-00 00:00:00'),
(748, 'Arga Dwi Apriyanto Bin Amin Basuki', 3, 'Narkotika/112', 'Yudha Mei S.', 'PB', '2021-08-05', 748, '2021-08-16', 'Diproses', '', '0000-00-00 00:00:00', '0000-00-00 00:00:00'),
(749, 'Akbar Ramadhan Bin Seladi', 3, 'Narkotika/112', 'Heri Ardianto', 'PB', '2021-08-05', 749, '2021-08-16', 'Diproses', '', '0000-00-00 00:00:00', '0000-00-00 00:00:00'),
(750, 'Achmad Nofan Indrawan Bin Suroyo', 3, 'Narkotika', 'Mirna Fitri', 'PB', '2021-08-05', 750, '2021-08-16', 'Diproses', '', '0000-00-00 00:00:00', '0000-00-00 00:00:00'),
(751, 'Bayu Tri Prastyawan Bin Sukirno', 14, 'Lakalantas', 'Eny Mindayani', 'Asimilasi di Rumah dan CB', '2021-07-27', 751, '2021-08-16', 'Diproses', '', '0000-00-00 00:00:00', '0000-00-00 00:00:00'),
(752, 'Komari Bin Soleman', 14, 'Perjudian/303', 'Supriyadi', 'Asimilasi di Rumah dan CB', '2021-07-27', 752, '2021-08-16', 'Diproses', '', '0000-00-00 00:00:00', '0000-00-00 00:00:00'),
(753, 'Samuri Bin Sali', 14, 'Perjudian/303', 'Supeni', 'Asimilasi di Rumah dan CB', '2021-07-27', 753, '2021-08-16', 'Diproses', '', '0000-00-00 00:00:00', '0000-00-00 00:00:00'),
(754, 'Alek Wahyu Winarji Bin Aji Wiyono', 14, 'Perjudian/303', 'Supriyadi', 'Asimilasi di Rumah dan CB', '2021-07-27', 754, '2021-08-16', 'Diproses', '', '0000-00-00 00:00:00', '0000-00-00 00:00:00'),
(755, 'Ananta Ricky S. Bin Erik Dwiantoro', 14, 'Perjudian/303', 'Supeni', 'Asimilasi di Rumah dan CB', '2021-07-27', 755, '2021-08-16', 'Diproses', '', '0000-00-00 00:00:00', '0000-00-00 00:00:00'),
(756, 'Tugiyono Bin Panggung', 14, 'KDRT', 'Sri Utami', 'CB', '2021-07-27', 756, '2021-08-16', 'Diproses', '', '0000-00-00 00:00:00', '0000-00-00 00:00:00'),
(757, 'Donny Saputra Bin Machmudi Sumali', 14, 'Narkotika', 'Nodya Wuri', 'PB', '2021-07-27', 757, '2021-08-16', 'Diproses', '', '0000-00-00 00:00:00', '0000-00-00 00:00:00'),
(758, 'Jumadi Bin Khomari', 14, 'Pencurian', 'Gatot Budiarso', 'PB', '2021-07-27', 758, '2021-08-16', 'Diproses', '', '0000-00-00 00:00:00', '0000-00-00 00:00:00'),
(759, 'Rizal Khoirul Umam bin Salinudin', 29, 'Pencurian/363 KUHP', 'Heri Ardianto', 'Asimilasi di Rumah', '2021-08-16', 759, '2021-08-19', 'Diproses', 'Asirum 24/2021', '0000-00-00 00:00:00', '0000-00-00 00:00:00'),
(760, 'Agus Hariyanto Bin Suroso', 65, 'Narkotika', 'Nurul Akmalah', 'Asimilasi di Rumah dan PB', '2021-08-10', 760, '2021-08-19', 'Diproses', '', '0000-00-00 00:00:00', '0000-00-00 00:00:00'),
(761, 'Moch Fathul Mubarok', 1, 'Narkotika', 'Yurika Oceane', 'PB', '2021-08-18', 761, '2021-08-23', 'Diproses', '', '0000-00-00 00:00:00', '0000-00-00 00:00:00'),
(762, 'Moch Saiful Anam Bin Tarman', 1, 'Narkotika', 'Widodo', 'PB', '2021-08-18', 762, '2021-08-23', 'Diproses', '', '0000-00-00 00:00:00', '0000-00-00 00:00:00'),
(763, 'Abdul Azis', 1, 'Narkotika', 'Eddy Bono', 'PB dan Asimilasi (PP 99)', '2021-08-18', 763, '2021-08-23', 'Diproses', '', '0000-00-00 00:00:00', '0000-00-00 00:00:00'),
(764, 'Abdul Bari Bin Moh Jemi', 1, 'Pencurian', 'Eny Mindayani', 'PB', '2021-08-18', 764, '2021-08-23', 'Diproses', '', '0000-00-00 00:00:00', '0000-00-00 00:00:00'),
(765, 'Agus Arifin', 1, 'Narkotika', 'Sukarman', 'PB dan Asimilasi (PP 99)', '2021-08-18', 765, '2021-08-23', 'Diproses', '', '0000-00-00 00:00:00', '0000-00-00 00:00:00'),
(766, 'Andika Dwi Prasetyo', 1, 'Narkotika', 'Maji Harwanto', 'PB dan Asimilasi (PP 99)', '2021-08-18', 766, '2021-08-23', 'Diproses', '', '0000-00-00 00:00:00', '0000-00-00 00:00:00'),
(767, 'Ari Bagus Prasetyo', 1, 'Narkotika', 'Budi Prasodjo', 'PB dan Asimilasi (PP 99)', '2021-08-18', 767, '2021-08-23', 'Diproses', '', '0000-00-00 00:00:00', '0000-00-00 00:00:00'),
(768, 'Dawik Ulkirom', 1, 'Narkotika', 'Tri Lestari', 'PB', '2021-08-18', 768, '2021-08-23', 'Diproses', '', '0000-00-00 00:00:00', '0000-00-00 00:00:00'),
(769, 'Denny Eko Cahyono', 1, 'Narkotika', 'Nining S', 'PB', '2021-08-18', 769, '2021-08-23', 'Diproses', '', '0000-00-00 00:00:00', '0000-00-00 00:00:00'),
(770, 'Didik Risdiyanto Bin Samdiono', 1, 'Narkotika', 'Ninik Lestari', 'PB', '2021-08-18', 770, '2021-08-23', 'Diproses', '', '0000-00-00 00:00:00', '0000-00-00 00:00:00'),
(771, 'Evin Setiawan Bin Kusnadi', 1, 'Narkotika', 'Marinda', 'PB dan Asimilasi (PP 99)', '2021-08-18', 771, '2021-08-23', 'Diproses', '', '0000-00-00 00:00:00', '0000-00-00 00:00:00'),
(772, 'Febby Eka Priambodo Bin Ponidi', 1, 'Narkotika', 'Yudha Mei', 'PB  ', '2021-08-18', 772, '2021-08-23', 'Diproses', '', '0000-00-00 00:00:00', '0000-00-00 00:00:00'),
(773, 'Fredy Hendra Kolondam', 1, 'Narkotika', 'Heri Ardianto', 'PB dan Asimilasi (PP 99)', '2021-08-18', 773, '2021-08-23', 'Diproses', '', '0000-00-00 00:00:00', '0000-00-00 00:00:00'),
(774, 'Hanafi Santoso', 1, 'Narkotika', 'Mirna Fitri', 'PB dan Asimilasi (PP 99)', '2021-08-18', 774, '2021-08-23', 'Diproses', '', '0000-00-00 00:00:00', '0000-00-00 00:00:00'),
(775, 'Hari Suprasetyo', 1, 'Narkotika', 'Nodya Wuri', 'PB dan Asimilasi (PP 99)', '2021-08-18', 775, '2021-08-23', 'Diproses', '', '0000-00-00 00:00:00', '0000-00-00 00:00:00'),
(776, 'Haryanto Bin Pujiono', 1, 'Pembunuhan', 'Sri Endang', 'PB', '2021-08-18', 776, '2021-08-23', 'Diproses', '', '0000-00-00 00:00:00', '0000-00-00 00:00:00'),
(777, 'Hendra Agus Setiono', 1, 'Narkotika', 'Nurul Akmalah', 'PB dan Asimilasi (PP 99)', '2021-08-18', 777, '2021-08-23', 'Diproses', '', '0000-00-00 00:00:00', '0000-00-00 00:00:00'),
(778, 'Indrayana Febriyanto Bin Arief Sucahyo', 1, 'Narkotika', 'Yurika Oceane', 'PB dan Asimilasi (PP 99)', '2021-08-18', 778, '2021-08-23', 'Diproses', '', '0000-00-00 00:00:00', '0000-00-00 00:00:00'),
(779, 'Joko Sunarto Bin Suparman', 1, 'Narkotika', 'Widodo', 'PB dan Asimilasi (PP 99)', '2021-08-18', 779, '2021-08-23', 'Diproses', '', '0000-00-00 00:00:00', '0000-00-00 00:00:00'),
(780, 'Junaidi Bin Mat Sale', 1, 'Pencurian', 'Hartatik', 'PB', '2021-08-18', 780, '2021-08-23', 'Diproses', '', '0000-00-00 00:00:00', '0000-00-00 00:00:00'),
(781, 'M. Nasir Amani Bin Riowoh', 1, 'Narkotika', 'Maji Harwanto', 'PB', '2021-08-18', 781, '2021-08-23', 'Diproses', '', '0000-00-00 00:00:00', '0000-00-00 00:00:00'),
(782, 'M. Rofiq Abdullah', 1, 'Narkotika', 'Budi Prasodjo', 'PB dan Asimilasi (PP 99)', '2021-08-18', 782, '2021-08-23', 'Diproses', '', '0000-00-00 00:00:00', '0000-00-00 00:00:00'),
(783, 'Malik', 1, 'Pembunuhan', 'Ibnu Syukur', 'PB', '2021-08-18', 783, '2021-08-23', 'Diproses', '', '0000-00-00 00:00:00', '0000-00-00 00:00:00'),
(784, 'Drs Mayuto', 1, 'Narkotika', 'Sukarman', 'PB dan Asimilasi (PP 99)', '2021-08-18', 784, '2021-08-23', 'Diproses', '', '0000-00-00 00:00:00', '0000-00-00 00:00:00'),
(785, 'Muchlas Cahyono Bin Hermani', 1, 'Narkotika', 'Tri Lestari', 'PB', '2021-08-18', 785, '2021-08-23', 'Diproses', '', '0000-00-00 00:00:00', '0000-00-00 00:00:00'),
(786, 'Mukhamad Judin', 1, 'PA/81', 'Nining S', 'PB', '2021-08-18', 786, '2021-08-23', 'Diproses', '', '0000-00-00 00:00:00', '0000-00-00 00:00:00'),
(787, 'Nor Hasan Bin Muhammad', 1, 'Narkotika', 'Ninik Lestari', 'PB dan Asimilasi (PP 99)', '2021-08-18', 787, '2021-08-23', 'Diproses', '', '0000-00-00 00:00:00', '0000-00-00 00:00:00'),
(788, 'Rengga Wahyudi Saputra Bin Yudi', 1, 'Narkotika', 'Eddy Bono', 'PB dan Asimilasi (PP 99)', '2021-08-18', 788, '2021-08-23', 'Diproses', '', '0000-00-00 00:00:00', '0000-00-00 00:00:00'),
(789, 'Sigit Nugroho Bin Nur Jadi', 1, 'Narkotika', 'Yudha Mei', 'PB dan Asimilasi (PP 99)', '2021-08-18', 789, '2021-08-23', 'Diproses', '', '0000-00-00 00:00:00', '0000-00-00 00:00:00'),
(790, 'Tangguh Sutono Adi', 1, 'Narkotika', 'Marinda', 'PB', '2021-08-18', 790, '2021-08-23', 'Diproses', '', '0000-00-00 00:00:00', '0000-00-00 00:00:00'),
(791, 'Mohammad Ali Bin Mulyono', 1, 'Narkotika', 'Heri Ardianto', 'PB dan Asimilasi (PP 99)', '2021-08-18', 791, '2021-08-23', 'Diproses', '', '0000-00-00 00:00:00', '0000-00-00 00:00:00'),
(792, 'Andika Indrajaya Bin Supardi', 8, 'Lakalantas/310', 'Gatot Budiarso', 'CB', '2021-07-30', 792, '2021-08-23', 'Diproses', '', '0000-00-00 00:00:00', '0000-00-00 00:00:00'),
(793, 'Ardy Biladi', 24, 'Penggelapan/374', 'Mirna Fitri', 'Asimilasi di Rumah dan CB', '2021-08-14', 793, '2021-08-23', 'Diproses', '', '0000-00-00 00:00:00', '0000-00-00 00:00:00'),
(794, 'Mujianto Bin Sogi (Alm)', 66, 'Penggelapan/372', 'Nodya Wuri', 'Asimilasi di Rumah dan CB', '2021-07-21', 794, '2021-08-26', 'Diproses', '', '0000-00-00 00:00:00', '0000-00-00 00:00:00'),
(795, 'Rudi Handoko Bin Samino', 67, 'Pencurian/363 KUHP', 'Eny Mindayani', 'Asimilasi di Rumah dan CB', '2021-08-12', 795, '2021-08-26', 'Diproses', '', '0000-00-00 00:00:00', '0000-00-00 00:00:00'),
(796, 'Hadi Suprapto Bin Sasang', 68, 'Narkotika/114', 'Nurul Akmalah', 'PB', '2021-07-28', 796, '2021-08-26', 'Diproses', '', '0000-00-00 00:00:00', '0000-00-00 00:00:00'),
(797, 'Sisca Dewi Hermawati', 69, 'ITE', 'Yurika Oceane', 'Asimilasi di Rumah dan PB', '2021-08-19', 797, '2021-08-26', 'Diproses', '', '0000-00-00 00:00:00', '0000-00-00 00:00:00'),
(798, 'Budi Suyatno Bin Suyud (Alm)', 5, 'Penipuan', 'Widodo', 'Asimilasi di Rumah dan CB', '2021-08-23', 798, '2021-08-26', 'Diproses', '', '0000-00-00 00:00:00', '0000-00-00 00:00:00'),
(799, 'Endro Widarmanto', 5, 'Perlindungan Konsumen', 'Sukarman', 'Asimilasi di Rumah dan CB', '2021-08-23', 799, '2021-08-26', 'Diproses', '', '0000-00-00 00:00:00', '0000-00-00 00:00:00'),
(800, 'Andrias Sulistiyo', 5, 'Perlindungan Konsumen', 'Budi Prasodjo', 'Asimilasi di Rumah dan CB', '2021-08-23', 800, '2021-08-26', 'Diproses', '', '0000-00-00 00:00:00', '0000-00-00 00:00:00'),
(801, 'Satria Kinayungan Bin Maman', 5, 'Pencurian', 'Gatot Budiarso', 'Asimilasi di Rumah dan CB', '2021-08-23', 801, '2021-08-26', 'Diproses', '', '0000-00-00 00:00:00', '0000-00-00 00:00:00'),
(802, 'Sidik Pramono Bin Sarginen', 4, 'Pengeroyokan', 'Hartatik', 'Asimilasi di Rumah', '2021-08-19', 802, '2021-08-26', 'Diproses', '', '0000-00-00 00:00:00', '0000-00-00 00:00:00'),
(803, 'Taufik Nur Prasetyo Bin Sarginen', 4, 'Pengeroyokan', 'Hartatik', 'Asimilasi di Rumah ', '2021-08-19', 803, '2021-08-26', 'Diproses', '', '0000-00-00 00:00:00', '0000-00-00 00:00:00'),
(804, 'Indra Farit Nurdianto Bin Katio', 4, 'Perjudian/303', 'Heri Ardianto', 'Asimilasi di Rumah ', '2021-08-19', 804, '2021-08-26', 'Diproses', '', '0000-00-00 00:00:00', '0000-00-00 00:00:00'),
(805, 'Sandy Frenmidia Bin Slamet Wiyono', 4, 'Perjudian/303', 'Heri Ardianto', 'Asimilasi di Rumah ', '2021-08-19', 805, '2021-08-26', 'Diproses', '', '0000-00-00 00:00:00', '0000-00-00 00:00:00'),
(806, 'Mursyd Triprasetyo Bin Darminto', 3, 'P. Anak/80', 'Agung Witjaksono', 'Asimilasi di Rumah dan CB', '2021-08-26', 806, '2021-09-02', 'Diproses', '', '0000-00-00 00:00:00', '0000-00-00 00:00:00'),
(807, 'Pasa Unggul Prezatama Bin Puja Narko', 3, 'Sajam/2 UU 12/1951', 'Eny Mindayani', 'Asimilasi di Rumah dan CB', '2021-08-26', 807, '2021-09-02', 'Diproses', '', '0000-00-00 00:00:00', '0000-00-00 00:00:00'),
(808, 'Yadi Bin Dimin', 3, 'Pencurian/362 KUHP', 'Gatot Budiarso', 'Asimilasi di Rumah dan CB', '2021-08-26', 808, '2021-09-02', 'Diproses', '', '0000-00-00 00:00:00', '0000-00-00 00:00:00'),
(809, 'Jemma Mandela Wisnu D. Bin Sugianto', 3, 'Penggelapan/374', 'Maji Harwanto', 'Asimilasi di Rumah dan CB', '2021-08-26', 809, '2021-09-02', 'Diproses', '', '0000-00-00 00:00:00', '0000-00-00 00:00:00'),
(810, 'Purnomo Bin Gondo', 3, 'Kehutanan/83', 'Sudiro', 'CB', '2021-08-26', 810, '2021-09-02', 'Diproses', '', '0000-00-00 00:00:00', '0000-00-00 00:00:00'),
(811, 'Alfredo Aditya Prasetyo Wibowo bin Budoyo', 17, 'Uang Palsu/36', 'Heri Ardianto', 'Sidang', '2021-08-31', 811, '2021-09-02', 'Diproses', '', '0000-00-00 00:00:00', '0000-00-00 00:00:00'),
(812, 'Suhadi Bin Misdjo', 3, 'Pencurian/363 KUHP', 'Hartatik', 'CB', '2021-08-26', 812, '2021-09-02', 'Diproses', '', '0000-00-00 00:00:00', '0000-00-00 00:00:00'),
(813, 'Yulianto Bin Atmo Djadi', 3, 'Perjudian/303', 'Supriyadi', 'CB', '2021-08-26', 813, '2021-09-02', 'Diproses', '', '0000-00-00 00:00:00', '0000-00-00 00:00:00'),
(814, 'Toufan Prianto Bin Suratmin', 3, 'Narkotika/112', 'Eddy Bono', 'PB', '2021-08-26', 814, '2021-09-02', 'Diproses', '', '0000-00-00 00:00:00', '0000-00-00 00:00:00'),
(815, 'Endra Listiyono Bin Supatmo', 14, 'Narkotika/112', 'Mirna Fitri', 'Asimilasi di Rumah dan PB', '2021-08-26', 815, '2021-09-02', 'Diproses', '', '0000-00-00 00:00:00', '0000-00-00 00:00:00'),
(816, 'Saimin Bin Soerjo Kamidin', 14, 'Perjudian/303', 'Supriyadi', 'Asimilasi di Rumah dan CB', '2021-08-26', 816, '2021-09-02', 'Diproses', '', '0000-00-00 00:00:00', '0000-00-00 00:00:00'),
(817, 'Maryadi Bin Marmin', 14, 'Kehutanan/83', 'Sugeng Larianto', 'Asimilasi di Rumah dan CB', '2021-08-26', 817, '2021-09-02', 'Diproses', '', '0000-00-00 00:00:00', '0000-00-00 00:00:00'),
(818, 'Muhammad Arrosyid Prayogo Bin Hartono', 14, 'Kesehatan/197', 'Tri Lestari', 'Asimilasi di Rumah dan CB', '2021-08-26', 818, '2021-09-02', 'Diproses', '', '0000-00-00 00:00:00', '0000-00-00 00:00:00'),
(819, 'Nanang Setiawan Bin Suprayitno', 14, 'Narkotika/112', 'Nining S.', 'Asimilasi di Rumah dan PB', '2021-08-26', 819, '2021-09-02', 'Diproses', '', '0000-00-00 00:00:00', '0000-00-00 00:00:00'),
(820, 'Rizqi Maulana Yuliansyah Bin Arif Hadiono', 43, 'Narkotika', 'Ninik Lestari', 'PB', '2021-08-26', 820, '2021-09-02', 'Diproses', '', '0000-00-00 00:00:00', '0000-00-00 00:00:00'),
(821, 'Barnabas Noor Hardi C. Bin Andik Purnomo', 6, 'Mata Uang', 'Marinda P.', 'PB', '2021-08-30', 821, '2021-09-02', 'Diproses', '', '0000-00-00 00:00:00', '0000-00-00 00:00:00'),
(822, 'Eni Purwati Binti Suraji', 14, 'Perjudian/303', 'Supeni', 'Asimilasi di Rumah dan CB', '2021-08-26', 822, '2021-09-02', 'Diproses', '', '0000-00-00 00:00:00', '0000-00-00 00:00:00'),
(823, 'Haryanto Bin Paikun', 14, 'Pencurian/363 KUHP', 'Eny Mindayani', 'PB', '2021-08-31', 823, '2021-09-06', 'Diproses', '', '0000-00-00 00:00:00', '0000-00-00 00:00:00'),
(824, 'Suyanto Bin Paikun', 14, 'Pencurian/363 KUHP', 'Gatot Budiarso', 'PB', '2021-08-31', 824, '2021-09-06', 'Diproses', '', '0000-00-00 00:00:00', '0000-00-00 00:00:00'),
(825, 'Mashuri Bin Tukimun', 14, 'PA/82', 'Yudha Mei', 'PB', '2021-08-31', 825, '2021-09-06', 'Diproses', '', '0000-00-00 00:00:00', '0000-00-00 00:00:00'),
(826, 'Ricci Dwi Prasetyo', 14, 'PA/81', 'Heri Ardianto', 'PB', '2021-08-31', 826, '2021-09-06', 'Diproses', '', '0000-00-00 00:00:00', '0000-00-00 00:00:00'),
(827, 'Mustanshirulloh Bin H taufiqurrohmanNarkotika/112', 14, '', 'Widodo', 'PB', '2021-08-31', 827, '2021-09-06', 'Diproses', '', '0000-00-00 00:00:00', '0000-00-00 00:00:00'),
(828, 'Verayanti Wahyusari Binti Agus Cahyono', 14, 'Penipuan/372', 'Nodya Wuri', 'Asimilasi di rumah', '2021-08-31', 828, '2021-09-06', 'Diproses', '', '0000-00-00 00:00:00', '0000-00-00 00:00:00'),
(829, 'Andris Sanjaya Bin Jemingan', 14, 'Kesehatan', 'Nurul Akmalah', 'Asimilasi dirumah dan CB', '2021-08-31', 829, '2021-09-06', 'Diproses', '', '0000-00-00 00:00:00', '0000-00-00 00:00:00'),
(830, 'Ahmad Sidik Bin Sauji', 14, 'Lakalantas', 'Hartatik', 'Asimilasi dirumah dan CB', '2021-08-31', 830, '2021-09-06', 'Diproses', '', '0000-00-00 00:00:00', '0000-00-00 00:00:00'),
(831, 'Moh. saiful Munir Bin Rasmudi', 14, 'Penganiayaan', 'Eny Mindayani', 'Asimilasi di rumah dan CB', '2021-08-31', 831, '2021-09-06', 'Diproses', '', '0000-00-00 00:00:00', '0000-00-00 00:00:00'),
(832, 'Edi Susilo Bin Gendon', 14, 'Lakalantas', 'Gatot Budiarso', 'Asimilasi di rumah dan CB', '2021-08-31', 832, '2021-09-06', 'Diproses', '', '0000-00-00 00:00:00', '0000-00-00 00:00:00'),
(833, 'Slamet Widodo Bin Tukimun', 14, 'Narkotika', 'Yurike', 'Asimilasi di rumah dan PB', '2021-08-31', 833, '2021-09-06', 'Diproses', '', '0000-00-00 00:00:00', '0000-00-00 00:00:00'),
(834, 'Joko Basuki', 14, 'penipuan/372', 'Eddy Bono', 'Asimilasi di rumah dan CB', '2021-08-31', 834, '2021-09-06', 'Diproses', '', '0000-00-00 00:00:00', '0000-00-00 00:00:00');

-- --------------------------------------------------------

--
-- Struktur dari tabel `password_resets`
--

CREATE TABLE `password_resets` (
  `email` varchar(255) COLLATE utf8mb4_unicode_ci NOT NULL,
  `token` varchar(255) COLLATE utf8mb4_unicode_ci NOT NULL,
  `created_at` timestamp NULL DEFAULT NULL
) ENGINE=InnoDB DEFAULT CHARSET=utf8mb4 COLLATE=utf8mb4_unicode_ci;

-- --------------------------------------------------------

--
-- Struktur dari tabel `personal_access_tokens`
--

CREATE TABLE `personal_access_tokens` (
  `id` bigint(20) UNSIGNED NOT NULL,
  `tokenable_type` varchar(255) COLLATE utf8mb4_unicode_ci NOT NULL,
  `tokenable_id` bigint(20) UNSIGNED NOT NULL,
  `name` varchar(255) COLLATE utf8mb4_unicode_ci NOT NULL,
  `token` varchar(64) COLLATE utf8mb4_unicode_ci NOT NULL,
  `abilities` text COLLATE utf8mb4_unicode_ci DEFAULT NULL,
  `last_used_at` timestamp NULL DEFAULT NULL,
  `created_at` timestamp NULL DEFAULT NULL,
  `updated_at` timestamp NULL DEFAULT NULL
) ENGINE=InnoDB DEFAULT CHARSET=utf8mb4 COLLATE=utf8mb4_unicode_ci;

-- --------------------------------------------------------

--
-- Struktur dari tabel `users`
--

CREATE TABLE `users` (
  `id` bigint(20) UNSIGNED NOT NULL,
  `name` varchar(255) COLLATE utf8mb4_unicode_ci NOT NULL,
  `email` varchar(255) COLLATE utf8mb4_unicode_ci NOT NULL,
  `email_verified_at` timestamp NULL DEFAULT NULL,
  `password` varchar(255) COLLATE utf8mb4_unicode_ci NOT NULL,
  `remember_token` varchar(100) COLLATE utf8mb4_unicode_ci DEFAULT NULL,
  `role` varchar(255) COLLATE utf8mb4_unicode_ci NOT NULL,
  `created_at` timestamp NULL DEFAULT NULL,
  `updated_at` timestamp NULL DEFAULT NULL
) ENGINE=InnoDB DEFAULT CHARSET=utf8mb4 COLLATE=utf8mb4_unicode_ci;

--
-- Dumping data untuk tabel `users`
--

INSERT INTO `users` (`id`, `name`, `email`, `email_verified_at`, `password`, `remember_token`, `role`, `created_at`, `updated_at`) VALUES
(1, 'admin', 'admin@admin.com', NULL, '$2y$10$fbWofBcK3bshYUwocHr8i.p9y5mf57RXA1VMtH.JsWnOkXiaGyZvG', NULL, 'admin', '2021-09-02 04:53:42', '2021-09-02 04:53:42');

--
-- Indexes for dumped tables
--

--
-- Indeks untuk tabel `failed_jobs`
--
ALTER TABLE `failed_jobs`
  ADD PRIMARY KEY (`id`),
  ADD UNIQUE KEY `failed_jobs_uuid_unique` (`uuid`);

--
-- Indeks untuk tabel `jails`
--
ALTER TABLE `jails`
  ADD PRIMARY KEY (`id`);

--
-- Indeks untuk tabel `migrations`
--
ALTER TABLE `migrations`
  ADD PRIMARY KEY (`id`);

--
-- Indeks untuk tabel `napis`
--
ALTER TABLE `napis`
  ADD PRIMARY KEY (`id`),
  ADD KEY `idJail_fk_01` (`idJail`);

--
-- Indeks untuk tabel `password_resets`
--
ALTER TABLE `password_resets`
  ADD KEY `password_resets_email_index` (`email`);

--
-- Indeks untuk tabel `personal_access_tokens`
--
ALTER TABLE `personal_access_tokens`
  ADD PRIMARY KEY (`id`),
  ADD UNIQUE KEY `personal_access_tokens_token_unique` (`token`),
  ADD KEY `personal_access_tokens_tokenable_type_tokenable_id_index` (`tokenable_type`,`tokenable_id`);

--
-- Indeks untuk tabel `users`
--
ALTER TABLE `users`
  ADD PRIMARY KEY (`id`),
  ADD UNIQUE KEY `users_email_unique` (`email`);

--
-- AUTO_INCREMENT untuk tabel yang dibuang
--

--
-- AUTO_INCREMENT untuk tabel `failed_jobs`
--
ALTER TABLE `failed_jobs`
  MODIFY `id` bigint(20) UNSIGNED NOT NULL AUTO_INCREMENT;

--
-- AUTO_INCREMENT untuk tabel `jails`
--
ALTER TABLE `jails`
  MODIFY `id` int(10) UNSIGNED NOT NULL AUTO_INCREMENT, AUTO_INCREMENT=73;

--
-- AUTO_INCREMENT untuk tabel `migrations`
--
ALTER TABLE `migrations`
  MODIFY `id` int(10) UNSIGNED NOT NULL AUTO_INCREMENT, AUTO_INCREMENT=7;

--
-- AUTO_INCREMENT untuk tabel `napis`
--
ALTER TABLE `napis`
  MODIFY `id` int(10) UNSIGNED NOT NULL AUTO_INCREMENT, AUTO_INCREMENT=835;

--
-- AUTO_INCREMENT untuk tabel `personal_access_tokens`
--
ALTER TABLE `personal_access_tokens`
  MODIFY `id` bigint(20) UNSIGNED NOT NULL AUTO_INCREMENT;

--
-- AUTO_INCREMENT untuk tabel `users`
--
ALTER TABLE `users`
  MODIFY `id` bigint(20) UNSIGNED NOT NULL AUTO_INCREMENT, AUTO_INCREMENT=2;

--
-- Ketidakleluasaan untuk tabel pelimpahan (Dumped Tables)
--

--
-- Ketidakleluasaan untuk tabel `napis`
--
ALTER TABLE `napis`
  ADD CONSTRAINT `idJail_fk_01` FOREIGN KEY (`idJail`) REFERENCES `jails` (`id`);
COMMIT;

/*!40101 SET CHARACTER_SET_CLIENT=@OLD_CHARACTER_SET_CLIENT */;
/*!40101 SET CHARACTER_SET_RESULTS=@OLD_CHARACTER_SET_RESULTS */;
/*!40101 SET COLLATION_CONNECTION=@OLD_COLLATION_CONNECTION */;
